"LOCATION","INDICATOR","SUBJECT","MEASURE","FREQUENCY","TIME","Value","Flag Codes"
"OECD","CCI","AMPLITUD","LTRENDIDX","M","1974-01",99.02095,
"OECD","CCI","AMPLITUD","LTRENDIDX","M","1974-02",99.02182,
"OECD","CCI","AMPLITUD","LTRENDIDX","M","1974-03",99.16006,
"OECD","CCI","AMPLITUD","LTRENDIDX","M","1974-04",99.28621,
"OECD","CCI","AMPLITUD","LTRENDIDX","M","1974-05",99.26773,
"OECD","CCI","AMPLITUD","LTRENDIDX","M","1974-06",99.12951,
"OECD","CCI","AMPLITUD","LTRENDIDX","M","1974-07",98.9423,
"OECD","CCI","AMPLITUD","LTRENDIDX","M","1974-08",98.7653,
"OECD","CCI","AMPLITUD","LTRENDIDX","M","1974-09",98.61154,
"OECD","CCI","AMPLITUD","LTRENDIDX","M","1974-10",98.49147,
"OECD","CCI","AMPLITUD","LTRENDIDX","M","1974-11",98.43188,
"OECD","CCI","AMPLITUD","LTRENDIDX","M","1974-12",98.44123,
"OECD","CCI","AMPLITUD","LTRENDIDX","M","1975-01",98.55869,
"OECD","CCI","AMPLITUD","LTRENDIDX","M","1975-02",98.79767,
"OECD","CCI","AMPLITUD","LTRENDIDX","M","1975-03",99.08688,
"OECD","CCI","AMPLITUD","LTRENDIDX","M","1975-04",99.34602,
"OECD","CCI","AMPLITUD","LTRENDIDX","M","1975-05",99.50906,
"OECD","CCI","AMPLITUD","LTRENDIDX","M","1975-06",99.59616,
"OECD","CCI","AMPLITUD","LTRENDIDX","M","1975-07",99.64933,
"OECD","CCI","AMPLITUD","LTRENDIDX","M","1975-08",99.67885,
"OECD","CCI","AMPLITUD","LTRENDIDX","M","1975-09",99.7203,
"OECD","CCI","AMPLITUD","LTRENDIDX","M","1975-10",99.82959,
"OECD","CCI","AMPLITUD","LTRENDIDX","M","1975-11",100.048,
"OECD","CCI","AMPLITUD","LTRENDIDX","M","1975-12",100.3217,
"OECD","CCI","AMPLITUD","LTRENDIDX","M","1976-01",100.5554,
"OECD","CCI","AMPLITUD","LTRENDIDX","M","1976-02",100.6684,
"OECD","CCI","AMPLITUD","LTRENDIDX","M","1976-03",100.7076,
"OECD","CCI","AMPLITUD","LTRENDIDX","M","1976-04",100.7413,
"OECD","CCI","AMPLITUD","LTRENDIDX","M","1976-05",100.8082,
"OECD","CCI","AMPLITUD","LTRENDIDX","M","1976-06",100.8734,
"OECD","CCI","AMPLITUD","LTRENDIDX","M","1976-07",100.8957,
"OECD","CCI","AMPLITUD","LTRENDIDX","M","1976-08",100.8494,
"OECD","CCI","AMPLITUD","LTRENDIDX","M","1976-09",100.7713,
"OECD","CCI","AMPLITUD","LTRENDIDX","M","1976-10",100.7086,
"OECD","CCI","AMPLITUD","LTRENDIDX","M","1976-11",100.7011,
"OECD","CCI","AMPLITUD","LTRENDIDX","M","1976-12",100.7345,
"OECD","CCI","AMPLITUD","LTRENDIDX","M","1977-01",100.7847,
"OECD","CCI","AMPLITUD","LTRENDIDX","M","1977-02",100.8189,
"OECD","CCI","AMPLITUD","LTRENDIDX","M","1977-03",100.8252,
"OECD","CCI","AMPLITUD","LTRENDIDX","M","1977-04",100.81,
"OECD","CCI","AMPLITUD","LTRENDIDX","M","1977-05",100.7977,
"OECD","CCI","AMPLITUD","LTRENDIDX","M","1977-06",100.8246,
"OECD","CCI","AMPLITUD","LTRENDIDX","M","1977-07",100.8708,
"OECD","CCI","AMPLITUD","LTRENDIDX","M","1977-08",100.9056,
"OECD","CCI","AMPLITUD","LTRENDIDX","M","1977-09",100.9322,
"OECD","CCI","AMPLITUD","LTRENDIDX","M","1977-10",100.9613,
"OECD","CCI","AMPLITUD","LTRENDIDX","M","1977-11",100.9951,
"OECD","CCI","AMPLITUD","LTRENDIDX","M","1977-12",101.031,
"OECD","CCI","AMPLITUD","LTRENDIDX","M","1978-01",101.048,
"OECD","CCI","AMPLITUD","LTRENDIDX","M","1978-02",101.0201,
"OECD","CCI","AMPLITUD","LTRENDIDX","M","1978-03",100.9521,
"OECD","CCI","AMPLITUD","LTRENDIDX","M","1978-04",100.9443,
"OECD","CCI","AMPLITUD","LTRENDIDX","M","1978-05",100.9614,
"OECD","CCI","AMPLITUD","LTRENDIDX","M","1978-06",100.9569,
"OECD","CCI","AMPLITUD","LTRENDIDX","M","1978-07",100.961,
"OECD","CCI","AMPLITUD","LTRENDIDX","M","1978-08",100.9348,
"OECD","CCI","AMPLITUD","LTRENDIDX","M","1978-09",100.9168,
"OECD","CCI","AMPLITUD","LTRENDIDX","M","1978-10",100.8094,
"OECD","CCI","AMPLITUD","LTRENDIDX","M","1978-11",100.5918,
"OECD","CCI","AMPLITUD","LTRENDIDX","M","1978-12",100.3774,
"OECD","CCI","AMPLITUD","LTRENDIDX","M","1979-01",100.3305,
"OECD","CCI","AMPLITUD","LTRENDIDX","M","1979-02",100.3227,
"OECD","CCI","AMPLITUD","LTRENDIDX","M","1979-03",100.2505,
"OECD","CCI","AMPLITUD","LTRENDIDX","M","1979-04",100.1644,
"OECD","CCI","AMPLITUD","LTRENDIDX","M","1979-05",100.0717,
"OECD","CCI","AMPLITUD","LTRENDIDX","M","1979-06",99.91146,
"OECD","CCI","AMPLITUD","LTRENDIDX","M","1979-07",99.75047,
"OECD","CCI","AMPLITUD","LTRENDIDX","M","1979-08",99.68797,
"OECD","CCI","AMPLITUD","LTRENDIDX","M","1979-09",99.62764,
"OECD","CCI","AMPLITUD","LTRENDIDX","M","1979-10",99.50133,
"OECD","CCI","AMPLITUD","LTRENDIDX","M","1979-11",99.39241,
"OECD","CCI","AMPLITUD","LTRENDIDX","M","1979-12",99.29873,
"OECD","CCI","AMPLITUD","LTRENDIDX","M","1980-01",99.22296,
"OECD","CCI","AMPLITUD","LTRENDIDX","M","1980-02",99.04939,
"OECD","CCI","AMPLITUD","LTRENDIDX","M","1980-03",98.75699,
"OECD","CCI","AMPLITUD","LTRENDIDX","M","1980-04",98.5468,
"OECD","CCI","AMPLITUD","LTRENDIDX","M","1980-05",98.52301,
"OECD","CCI","AMPLITUD","LTRENDIDX","M","1980-06",98.6832,
"OECD","CCI","AMPLITUD","LTRENDIDX","M","1980-07",98.93117,
"OECD","CCI","AMPLITUD","LTRENDIDX","M","1980-08",99.22114,
"OECD","CCI","AMPLITUD","LTRENDIDX","M","1980-09",99.45302,
"OECD","CCI","AMPLITUD","LTRENDIDX","M","1980-10",99.52478,
"OECD","CCI","AMPLITUD","LTRENDIDX","M","1980-11",99.41232,
"OECD","CCI","AMPLITUD","LTRENDIDX","M","1980-12",99.1876,
"OECD","CCI","AMPLITUD","LTRENDIDX","M","1981-01",99.06705,
"OECD","CCI","AMPLITUD","LTRENDIDX","M","1981-02",98.954,
"OECD","CCI","AMPLITUD","LTRENDIDX","M","1981-03",98.9224,
"OECD","CCI","AMPLITUD","LTRENDIDX","M","1981-04",99.00758,
"OECD","CCI","AMPLITUD","LTRENDIDX","M","1981-05",99.10519,
"OECD","CCI","AMPLITUD","LTRENDIDX","M","1981-06",99.09628,
"OECD","CCI","AMPLITUD","LTRENDIDX","M","1981-07",99.05483,
"OECD","CCI","AMPLITUD","LTRENDIDX","M","1981-08",98.99969,
"OECD","CCI","AMPLITUD","LTRENDIDX","M","1981-09",98.8885,
"OECD","CCI","AMPLITUD","LTRENDIDX","M","1981-10",98.73592,
"OECD","CCI","AMPLITUD","LTRENDIDX","M","1981-11",98.61069,
"OECD","CCI","AMPLITUD","LTRENDIDX","M","1981-12",98.63634,
"OECD","CCI","AMPLITUD","LTRENDIDX","M","1982-01",98.74603,
"OECD","CCI","AMPLITUD","LTRENDIDX","M","1982-02",98.76158,
"OECD","CCI","AMPLITUD","LTRENDIDX","M","1982-03",98.77058,
"OECD","CCI","AMPLITUD","LTRENDIDX","M","1982-04",98.84392,
"OECD","CCI","AMPLITUD","LTRENDIDX","M","1982-05",98.87679,
"OECD","CCI","AMPLITUD","LTRENDIDX","M","1982-06",98.82855,
"OECD","CCI","AMPLITUD","LTRENDIDX","M","1982-07",98.74274,
"OECD","CCI","AMPLITUD","LTRENDIDX","M","1982-08",98.71413,
"OECD","CCI","AMPLITUD","LTRENDIDX","M","1982-09",98.76682,
"OECD","CCI","AMPLITUD","LTRENDIDX","M","1982-10",98.86098,
"OECD","CCI","AMPLITUD","LTRENDIDX","M","1982-11",98.91832,
"OECD","CCI","AMPLITUD","LTRENDIDX","M","1982-12",98.98739,
"OECD","CCI","AMPLITUD","LTRENDIDX","M","1983-01",99.16105,
"OECD","CCI","AMPLITUD","LTRENDIDX","M","1983-02",99.47868,
"OECD","CCI","AMPLITUD","LTRENDIDX","M","1983-03",99.89777,
"OECD","CCI","AMPLITUD","LTRENDIDX","M","1983-04",100.2727,
"OECD","CCI","AMPLITUD","LTRENDIDX","M","1983-05",100.4826,
"OECD","CCI","AMPLITUD","LTRENDIDX","M","1983-06",100.5455,
"OECD","CCI","AMPLITUD","LTRENDIDX","M","1983-07",100.5435,
"OECD","CCI","AMPLITUD","LTRENDIDX","M","1983-08",100.5133,
"OECD","CCI","AMPLITUD","LTRENDIDX","M","1983-09",100.4912,
"OECD","CCI","AMPLITUD","LTRENDIDX","M","1983-10",100.5311,
"OECD","CCI","AMPLITUD","LTRENDIDX","M","1983-11",100.6705,
"OECD","CCI","AMPLITUD","LTRENDIDX","M","1983-12",100.8661,
"OECD","CCI","AMPLITUD","LTRENDIDX","M","1984-01",101.0298,
"OECD","CCI","AMPLITUD","LTRENDIDX","M","1984-02",101.0638,
"OECD","CCI","AMPLITUD","LTRENDIDX","M","1984-03",101.0288,
"OECD","CCI","AMPLITUD","LTRENDIDX","M","1984-04",100.9323,
"OECD","CCI","AMPLITUD","LTRENDIDX","M","1984-05",100.8638,
"OECD","CCI","AMPLITUD","LTRENDIDX","M","1984-06",100.831,
"OECD","CCI","AMPLITUD","LTRENDIDX","M","1984-07",100.8871,
"OECD","CCI","AMPLITUD","LTRENDIDX","M","1984-08",100.9819,
"OECD","CCI","AMPLITUD","LTRENDIDX","M","1984-09",101.0395,
"OECD","CCI","AMPLITUD","LTRENDIDX","M","1984-10",101.0032,
"OECD","CCI","AMPLITUD","LTRENDIDX","M","1984-11",100.9487,
"OECD","CCI","AMPLITUD","LTRENDIDX","M","1984-12",100.8739,
"OECD","CCI","AMPLITUD","LTRENDIDX","M","1985-01",100.7877,
"OECD","CCI","AMPLITUD","LTRENDIDX","M","1985-02",100.6921,
"OECD","CCI","AMPLITUD","LTRENDIDX","M","1985-03",100.6491,
"OECD","CCI","AMPLITUD","LTRENDIDX","M","1985-04",100.6507,
"OECD","CCI","AMPLITUD","LTRENDIDX","M","1985-05",100.6618,
"OECD","CCI","AMPLITUD","LTRENDIDX","M","1985-06",100.6973,
"OECD","CCI","AMPLITUD","LTRENDIDX","M","1985-07",100.6943,
"OECD","CCI","AMPLITUD","LTRENDIDX","M","1985-08",100.6661,
"OECD","CCI","AMPLITUD","LTRENDIDX","M","1985-09",100.6474,
"OECD","CCI","AMPLITUD","LTRENDIDX","M","1985-10",100.6506,
"OECD","CCI","AMPLITUD","LTRENDIDX","M","1985-11",100.7156,
"OECD","CCI","AMPLITUD","LTRENDIDX","M","1985-12",100.8149,
"OECD","CCI","AMPLITUD","LTRENDIDX","M","1986-01",100.9019,
"OECD","CCI","AMPLITUD","LTRENDIDX","M","1986-02",100.9563,
"OECD","CCI","AMPLITUD","LTRENDIDX","M","1986-03",101.0086,
"OECD","CCI","AMPLITUD","LTRENDIDX","M","1986-04",101.0587,
"OECD","CCI","AMPLITUD","LTRENDIDX","M","1986-05",101.0793,
"OECD","CCI","AMPLITUD","LTRENDIDX","M","1986-06",101.0758,
"OECD","CCI","AMPLITUD","LTRENDIDX","M","1986-07",100.9977,
"OECD","CCI","AMPLITUD","LTRENDIDX","M","1986-08",100.8913,
"OECD","CCI","AMPLITUD","LTRENDIDX","M","1986-09",100.8166,
"OECD","CCI","AMPLITUD","LTRENDIDX","M","1986-10",100.7964,
"OECD","CCI","AMPLITUD","LTRENDIDX","M","1986-11",100.7333,
"OECD","CCI","AMPLITUD","LTRENDIDX","M","1986-12",100.6629,
"OECD","CCI","AMPLITUD","LTRENDIDX","M","1987-01",100.6493,
"OECD","CCI","AMPLITUD","LTRENDIDX","M","1987-02",100.6768,
"OECD","CCI","AMPLITUD","LTRENDIDX","M","1987-03",100.7341,
"OECD","CCI","AMPLITUD","LTRENDIDX","M","1987-04",100.8027,
"OECD","CCI","AMPLITUD","LTRENDIDX","M","1987-05",100.8537,
"OECD","CCI","AMPLITUD","LTRENDIDX","M","1987-06",100.9177,
"OECD","CCI","AMPLITUD","LTRENDIDX","M","1987-07",100.9724,
"OECD","CCI","AMPLITUD","LTRENDIDX","M","1987-08",100.9771,
"OECD","CCI","AMPLITUD","LTRENDIDX","M","1987-09",100.9074,
"OECD","CCI","AMPLITUD","LTRENDIDX","M","1987-10",100.7604,
"OECD","CCI","AMPLITUD","LTRENDIDX","M","1987-11",100.6366,
"OECD","CCI","AMPLITUD","LTRENDIDX","M","1987-12",100.6657,
"OECD","CCI","AMPLITUD","LTRENDIDX","M","1988-01",100.7881,
"OECD","CCI","AMPLITUD","LTRENDIDX","M","1988-02",100.9035,
"OECD","CCI","AMPLITUD","LTRENDIDX","M","1988-03",100.9948,
"OECD","CCI","AMPLITUD","LTRENDIDX","M","1988-04",101.0451,
"OECD","CCI","AMPLITUD","LTRENDIDX","M","1988-05",101.1139,
"OECD","CCI","AMPLITUD","LTRENDIDX","M","1988-06",101.1667,
"OECD","CCI","AMPLITUD","LTRENDIDX","M","1988-07",101.215,
"OECD","CCI","AMPLITUD","LTRENDIDX","M","1988-08",101.2865,
"OECD","CCI","AMPLITUD","LTRENDIDX","M","1988-09",101.32,
"OECD","CCI","AMPLITUD","LTRENDIDX","M","1988-10",101.3058,
"OECD","CCI","AMPLITUD","LTRENDIDX","M","1988-11",101.2803,
"OECD","CCI","AMPLITUD","LTRENDIDX","M","1988-12",101.2662,
"OECD","CCI","AMPLITUD","LTRENDIDX","M","1989-01",101.2801,
"OECD","CCI","AMPLITUD","LTRENDIDX","M","1989-02",101.214,
"OECD","CCI","AMPLITUD","LTRENDIDX","M","1989-03",101.0999,
"OECD","CCI","AMPLITUD","LTRENDIDX","M","1989-04",100.9884,
"OECD","CCI","AMPLITUD","LTRENDIDX","M","1989-05",100.9438,
"OECD","CCI","AMPLITUD","LTRENDIDX","M","1989-06",100.96,
"OECD","CCI","AMPLITUD","LTRENDIDX","M","1989-07",101.0198,
"OECD","CCI","AMPLITUD","LTRENDIDX","M","1989-08",101.0725,
"OECD","CCI","AMPLITUD","LTRENDIDX","M","1989-09",101.1203,
"OECD","CCI","AMPLITUD","LTRENDIDX","M","1989-10",101.0698,
"OECD","CCI","AMPLITUD","LTRENDIDX","M","1989-11",100.9952,
"OECD","CCI","AMPLITUD","LTRENDIDX","M","1989-12",100.961,
"OECD","CCI","AMPLITUD","LTRENDIDX","M","1990-01",100.9425,
"OECD","CCI","AMPLITUD","LTRENDIDX","M","1990-02",100.891,
"OECD","CCI","AMPLITUD","LTRENDIDX","M","1990-03",100.8869,
"OECD","CCI","AMPLITUD","LTRENDIDX","M","1990-04",100.903,
"OECD","CCI","AMPLITUD","LTRENDIDX","M","1990-05",100.8513,
"OECD","CCI","AMPLITUD","LTRENDIDX","M","1990-06",100.7241,
"OECD","CCI","AMPLITUD","LTRENDIDX","M","1990-07",100.4908,
"OECD","CCI","AMPLITUD","LTRENDIDX","M","1990-08",100.0806,
"OECD","CCI","AMPLITUD","LTRENDIDX","M","1990-09",99.64103,
"OECD","CCI","AMPLITUD","LTRENDIDX","M","1990-10",99.32689,
"OECD","CCI","AMPLITUD","LTRENDIDX","M","1990-11",99.2162,
"OECD","CCI","AMPLITUD","LTRENDIDX","M","1990-12",99.2397,
"OECD","CCI","AMPLITUD","LTRENDIDX","M","1991-01",99.34397,
"OECD","CCI","AMPLITUD","LTRENDIDX","M","1991-02",99.58473,
"OECD","CCI","AMPLITUD","LTRENDIDX","M","1991-03",99.92237,
"OECD","CCI","AMPLITUD","LTRENDIDX","M","1991-04",100.0387,
"OECD","CCI","AMPLITUD","LTRENDIDX","M","1991-05",100.0285,
"OECD","CCI","AMPLITUD","LTRENDIDX","M","1991-06",100.0111,
"OECD","CCI","AMPLITUD","LTRENDIDX","M","1991-07",99.97646,
"OECD","CCI","AMPLITUD","LTRENDIDX","M","1991-08",99.9398,
"OECD","CCI","AMPLITUD","LTRENDIDX","M","1991-09",99.87592,
"OECD","CCI","AMPLITUD","LTRENDIDX","M","1991-10",99.67321,
"OECD","CCI","AMPLITUD","LTRENDIDX","M","1991-11",99.4026,
"OECD","CCI","AMPLITUD","LTRENDIDX","M","1991-12",99.22169,
"OECD","CCI","AMPLITUD","LTRENDIDX","M","1992-01",99.18164,
"OECD","CCI","AMPLITUD","LTRENDIDX","M","1992-02",99.27264,
"OECD","CCI","AMPLITUD","LTRENDIDX","M","1992-03",99.44029,
"OECD","CCI","AMPLITUD","LTRENDIDX","M","1992-04",99.56678,
"OECD","CCI","AMPLITUD","LTRENDIDX","M","1992-05",99.59981,
"OECD","CCI","AMPLITUD","LTRENDIDX","M","1992-06",99.51723,
"OECD","CCI","AMPLITUD","LTRENDIDX","M","1992-07",99.3388,
"OECD","CCI","AMPLITUD","LTRENDIDX","M","1992-08",99.14294,
"OECD","CCI","AMPLITUD","LTRENDIDX","M","1992-09",98.97235,
"OECD","CCI","AMPLITUD","LTRENDIDX","M","1992-10",98.89956,
"OECD","CCI","AMPLITUD","LTRENDIDX","M","1992-11",99.00964,
"OECD","CCI","AMPLITUD","LTRENDIDX","M","1992-12",99.14478,
"OECD","CCI","AMPLITUD","LTRENDIDX","M","1993-01",99.20987,
"OECD","CCI","AMPLITUD","LTRENDIDX","M","1993-02",99.20174,
"OECD","CCI","AMPLITUD","LTRENDIDX","M","1993-03",99.1888,
"OECD","CCI","AMPLITUD","LTRENDIDX","M","1993-04",99.17661,
"OECD","CCI","AMPLITUD","LTRENDIDX","M","1993-05",99.10277,
"OECD","CCI","AMPLITUD","LTRENDIDX","M","1993-06",98.98156,
"OECD","CCI","AMPLITUD","LTRENDIDX","M","1993-07",98.86022,
"OECD","CCI","AMPLITUD","LTRENDIDX","M","1993-08",98.80637,
"OECD","CCI","AMPLITUD","LTRENDIDX","M","1993-09",98.82405,
"OECD","CCI","AMPLITUD","LTRENDIDX","M","1993-10",98.91782,
"OECD","CCI","AMPLITUD","LTRENDIDX","M","1993-11",99.09303,
"OECD","CCI","AMPLITUD","LTRENDIDX","M","1993-12",99.40697,
"OECD","CCI","AMPLITUD","LTRENDIDX","M","1994-01",99.74124,
"OECD","CCI","AMPLITUD","LTRENDIDX","M","1994-02",99.95664,
"OECD","CCI","AMPLITUD","LTRENDIDX","M","1994-03",100.1047,
"OECD","CCI","AMPLITUD","LTRENDIDX","M","1994-04",100.2648,
"OECD","CCI","AMPLITUD","LTRENDIDX","M","1994-05",100.4281,
"OECD","CCI","AMPLITUD","LTRENDIDX","M","1994-06",100.5591,
"OECD","CCI","AMPLITUD","LTRENDIDX","M","1994-07",100.6486,
"OECD","CCI","AMPLITUD","LTRENDIDX","M","1994-08",100.7496,
"OECD","CCI","AMPLITUD","LTRENDIDX","M","1994-09",100.8319,
"OECD","CCI","AMPLITUD","LTRENDIDX","M","1994-10",100.87,
"OECD","CCI","AMPLITUD","LTRENDIDX","M","1994-11",100.8723,
"OECD","CCI","AMPLITUD","LTRENDIDX","M","1994-12",100.8779,
"OECD","CCI","AMPLITUD","LTRENDIDX","M","1995-01",100.8619,
"OECD","CCI","AMPLITUD","LTRENDIDX","M","1995-02",100.7584,
"OECD","CCI","AMPLITUD","LTRENDIDX","M","1995-03",100.6314,
"OECD","CCI","AMPLITUD","LTRENDIDX","M","1995-04",100.5715,
"OECD","CCI","AMPLITUD","LTRENDIDX","M","1995-05",100.5837,
"OECD","CCI","AMPLITUD","LTRENDIDX","M","1995-06",100.6632,
"OECD","CCI","AMPLITUD","LTRENDIDX","M","1995-07",100.7244,
"OECD","CCI","AMPLITUD","LTRENDIDX","M","1995-08",100.6931,
"OECD","CCI","AMPLITUD","LTRENDIDX","M","1995-09",100.5489,
"OECD","CCI","AMPLITUD","LTRENDIDX","M","1995-10",100.4254,
"OECD","CCI","AMPLITUD","LTRENDIDX","M","1995-11",100.3459,
"OECD","CCI","AMPLITUD","LTRENDIDX","M","1995-12",100.3184,
"OECD","CCI","AMPLITUD","LTRENDIDX","M","1996-01",100.3088,
"OECD","CCI","AMPLITUD","LTRENDIDX","M","1996-02",100.3208,
"OECD","CCI","AMPLITUD","LTRENDIDX","M","1996-03",100.365,
"OECD","CCI","AMPLITUD","LTRENDIDX","M","1996-04",100.3673,
"OECD","CCI","AMPLITUD","LTRENDIDX","M","1996-05",100.3562,
"OECD","CCI","AMPLITUD","LTRENDIDX","M","1996-06",100.3862,
"OECD","CCI","AMPLITUD","LTRENDIDX","M","1996-07",100.4286,
"OECD","CCI","AMPLITUD","LTRENDIDX","M","1996-08",100.4614,
"OECD","CCI","AMPLITUD","LTRENDIDX","M","1996-09",100.4757,
"OECD","CCI","AMPLITUD","LTRENDIDX","M","1996-10",100.4838,
"OECD","CCI","AMPLITUD","LTRENDIDX","M","1996-11",100.4669,
"OECD","CCI","AMPLITUD","LTRENDIDX","M","1996-12",100.4287,
"OECD","CCI","AMPLITUD","LTRENDIDX","M","1997-01",100.4476,
"OECD","CCI","AMPLITUD","LTRENDIDX","M","1997-02",100.5272,
"OECD","CCI","AMPLITUD","LTRENDIDX","M","1997-03",100.6435,
"OECD","CCI","AMPLITUD","LTRENDIDX","M","1997-04",100.7881,
"OECD","CCI","AMPLITUD","LTRENDIDX","M","1997-05",100.9418,
"OECD","CCI","AMPLITUD","LTRENDIDX","M","1997-06",101.0798,
"OECD","CCI","AMPLITUD","LTRENDIDX","M","1997-07",101.174,
"OECD","CCI","AMPLITUD","LTRENDIDX","M","1997-08",101.1843,
"OECD","CCI","AMPLITUD","LTRENDIDX","M","1997-09",101.1697,
"OECD","CCI","AMPLITUD","LTRENDIDX","M","1997-10",101.1289,
"OECD","CCI","AMPLITUD","LTRENDIDX","M","1997-11",101.0929,
"OECD","CCI","AMPLITUD","LTRENDIDX","M","1997-12",101.076,
"OECD","CCI","AMPLITUD","LTRENDIDX","M","1998-01",101.155,
"OECD","CCI","AMPLITUD","LTRENDIDX","M","1998-02",101.2495,
"OECD","CCI","AMPLITUD","LTRENDIDX","M","1998-03",101.2942,
"OECD","CCI","AMPLITUD","LTRENDIDX","M","1998-04",101.3206,
"OECD","CCI","AMPLITUD","LTRENDIDX","M","1998-05",101.2953,
"OECD","CCI","AMPLITUD","LTRENDIDX","M","1998-06",101.2265,
"OECD","CCI","AMPLITUD","LTRENDIDX","M","1998-07",101.1405,
"OECD","CCI","AMPLITUD","LTRENDIDX","M","1998-08",101.0267,
"OECD","CCI","AMPLITUD","LTRENDIDX","M","1998-09",100.9308,
"OECD","CCI","AMPLITUD","LTRENDIDX","M","1998-10",100.9149,
"OECD","CCI","AMPLITUD","LTRENDIDX","M","1998-11",101.0206,
"OECD","CCI","AMPLITUD","LTRENDIDX","M","1998-12",101.145,
"OECD","CCI","AMPLITUD","LTRENDIDX","M","1999-01",101.3219,
"OECD","CCI","AMPLITUD","LTRENDIDX","M","1999-02",101.4393,
"OECD","CCI","AMPLITUD","LTRENDIDX","M","1999-03",101.4398,
"OECD","CCI","AMPLITUD","LTRENDIDX","M","1999-04",101.409,
"OECD","CCI","AMPLITUD","LTRENDIDX","M","1999-05",101.4244,
"OECD","CCI","AMPLITUD","LTRENDIDX","M","1999-06",101.451,
"OECD","CCI","AMPLITUD","LTRENDIDX","M","1999-07",101.4668,
"OECD","CCI","AMPLITUD","LTRENDIDX","M","1999-08",101.481,
"OECD","CCI","AMPLITUD","LTRENDIDX","M","1999-09",101.5216,
"OECD","CCI","AMPLITUD","LTRENDIDX","M","1999-10",101.5751,
"OECD","CCI","AMPLITUD","LTRENDIDX","M","1999-11",101.6725,
"OECD","CCI","AMPLITUD","LTRENDIDX","M","1999-12",101.7896,
"OECD","CCI","AMPLITUD","LTRENDIDX","M","2000-01",101.919,
"OECD","CCI","AMPLITUD","LTRENDIDX","M","2000-02",101.9505,
"OECD","CCI","AMPLITUD","LTRENDIDX","M","2000-03",101.9322,
"OECD","CCI","AMPLITUD","LTRENDIDX","M","2000-04",101.9474,
"OECD","CCI","AMPLITUD","LTRENDIDX","M","2000-05",101.9657,
"OECD","CCI","AMPLITUD","LTRENDIDX","M","2000-06",101.9537,
"OECD","CCI","AMPLITUD","LTRENDIDX","M","2000-07",101.9542,
"OECD","CCI","AMPLITUD","LTRENDIDX","M","2000-08",101.9072,
"OECD","CCI","AMPLITUD","LTRENDIDX","M","2000-09",101.7879,
"OECD","CCI","AMPLITUD","LTRENDIDX","M","2000-10",101.6724,
"OECD","CCI","AMPLITUD","LTRENDIDX","M","2000-11",101.5194,
"OECD","CCI","AMPLITUD","LTRENDIDX","M","2000-12",101.291,
"OECD","CCI","AMPLITUD","LTRENDIDX","M","2001-01",101.0815,
"OECD","CCI","AMPLITUD","LTRENDIDX","M","2001-02",100.9276,
"OECD","CCI","AMPLITUD","LTRENDIDX","M","2001-03",100.8579,
"OECD","CCI","AMPLITUD","LTRENDIDX","M","2001-04",100.8225,
"OECD","CCI","AMPLITUD","LTRENDIDX","M","2001-05",100.8056,
"OECD","CCI","AMPLITUD","LTRENDIDX","M","2001-06",100.753,
"OECD","CCI","AMPLITUD","LTRENDIDX","M","2001-07",100.6034,
"OECD","CCI","AMPLITUD","LTRENDIDX","M","2001-08",100.3504,
"OECD","CCI","AMPLITUD","LTRENDIDX","M","2001-09",100.0544,
"OECD","CCI","AMPLITUD","LTRENDIDX","M","2001-10",99.88672,
"OECD","CCI","AMPLITUD","LTRENDIDX","M","2001-11",99.91462,
"OECD","CCI","AMPLITUD","LTRENDIDX","M","2001-12",100.1036,
"OECD","CCI","AMPLITUD","LTRENDIDX","M","2002-01",100.3141,
"OECD","CCI","AMPLITUD","LTRENDIDX","M","2002-02",100.4946,
"OECD","CCI","AMPLITUD","LTRENDIDX","M","2002-03",100.659,
"OECD","CCI","AMPLITUD","LTRENDIDX","M","2002-04",100.7411,
"OECD","CCI","AMPLITUD","LTRENDIDX","M","2002-05",100.7671,
"OECD","CCI","AMPLITUD","LTRENDIDX","M","2002-06",100.6707,
"OECD","CCI","AMPLITUD","LTRENDIDX","M","2002-07",100.508,
"OECD","CCI","AMPLITUD","LTRENDIDX","M","2002-08",100.3509,
"OECD","CCI","AMPLITUD","LTRENDIDX","M","2002-09",100.1886,
"OECD","CCI","AMPLITUD","LTRENDIDX","M","2002-10",99.99903,
"OECD","CCI","AMPLITUD","LTRENDIDX","M","2002-11",99.87335,
"OECD","CCI","AMPLITUD","LTRENDIDX","M","2002-12",99.73808,
"OECD","CCI","AMPLITUD","LTRENDIDX","M","2003-01",99.55846,
"OECD","CCI","AMPLITUD","LTRENDIDX","M","2003-02",99.40988,
"OECD","CCI","AMPLITUD","LTRENDIDX","M","2003-03",99.41697,
"OECD","CCI","AMPLITUD","LTRENDIDX","M","2003-04",99.64828,
"OECD","CCI","AMPLITUD","LTRENDIDX","M","2003-05",99.90003,
"OECD","CCI","AMPLITUD","LTRENDIDX","M","2003-06",100.0412,
"OECD","CCI","AMPLITUD","LTRENDIDX","M","2003-07",100.1011,
"OECD","CCI","AMPLITUD","LTRENDIDX","M","2003-08",100.1036,
"OECD","CCI","AMPLITUD","LTRENDIDX","M","2003-09",100.111,
"OECD","CCI","AMPLITUD","LTRENDIDX","M","2003-10",100.1816,
"OECD","CCI","AMPLITUD","LTRENDIDX","M","2003-11",100.3212,
"OECD","CCI","AMPLITUD","LTRENDIDX","M","2003-12",100.4755,
"OECD","CCI","AMPLITUD","LTRENDIDX","M","2004-01",100.6252,
"OECD","CCI","AMPLITUD","LTRENDIDX","M","2004-02",100.6171,
"OECD","CCI","AMPLITUD","LTRENDIDX","M","2004-03",100.595,
"OECD","CCI","AMPLITUD","LTRENDIDX","M","2004-04",100.5824,
"OECD","CCI","AMPLITUD","LTRENDIDX","M","2004-05",100.5736,
"OECD","CCI","AMPLITUD","LTRENDIDX","M","2004-06",100.6238,
"OECD","CCI","AMPLITUD","LTRENDIDX","M","2004-07",100.6746,
"OECD","CCI","AMPLITUD","LTRENDIDX","M","2004-08",100.6621,
"OECD","CCI","AMPLITUD","LTRENDIDX","M","2004-09",100.6134,
"OECD","CCI","AMPLITUD","LTRENDIDX","M","2004-10",100.5861,
"OECD","CCI","AMPLITUD","LTRENDIDX","M","2004-11",100.63,
"OECD","CCI","AMPLITUD","LTRENDIDX","M","2004-12",100.7161,
"OECD","CCI","AMPLITUD","LTRENDIDX","M","2005-01",100.7742,
"OECD","CCI","AMPLITUD","LTRENDIDX","M","2005-02",100.7404,
"OECD","CCI","AMPLITUD","LTRENDIDX","M","2005-03",100.6323,
"OECD","CCI","AMPLITUD","LTRENDIDX","M","2005-04",100.5338,
"OECD","CCI","AMPLITUD","LTRENDIDX","M","2005-05",100.516,
"OECD","CCI","AMPLITUD","LTRENDIDX","M","2005-06",100.5619,
"OECD","CCI","AMPLITUD","LTRENDIDX","M","2005-07",100.5088,
"OECD","CCI","AMPLITUD","LTRENDIDX","M","2005-08",100.2829,
"OECD","CCI","AMPLITUD","LTRENDIDX","M","2005-09",100.0274,
"OECD","CCI","AMPLITUD","LTRENDIDX","M","2005-10",100.0073,
"OECD","CCI","AMPLITUD","LTRENDIDX","M","2005-11",100.238,
"OECD","CCI","AMPLITUD","LTRENDIDX","M","2005-12",100.5482,
"OECD","CCI","AMPLITUD","LTRENDIDX","M","2006-01",100.7404,
"OECD","CCI","AMPLITUD","LTRENDIDX","M","2006-02",100.7669,
"OECD","CCI","AMPLITUD","LTRENDIDX","M","2006-03",100.72,
"OECD","CCI","AMPLITUD","LTRENDIDX","M","2006-04",100.6226,
"OECD","CCI","AMPLITUD","LTRENDIDX","M","2006-05",100.4842,
"OECD","CCI","AMPLITUD","LTRENDIDX","M","2006-06",100.4176,
"OECD","CCI","AMPLITUD","LTRENDIDX","M","2006-07",100.3941,
"OECD","CCI","AMPLITUD","LTRENDIDX","M","2006-08",100.4056,
"OECD","CCI","AMPLITUD","LTRENDIDX","M","2006-09",100.522,
"OECD","CCI","AMPLITUD","LTRENDIDX","M","2006-10",100.7026,
"OECD","CCI","AMPLITUD","LTRENDIDX","M","2006-11",100.8167,
"OECD","CCI","AMPLITUD","LTRENDIDX","M","2006-12",100.8922,
"OECD","CCI","AMPLITUD","LTRENDIDX","M","2007-01",100.9392,
"OECD","CCI","AMPLITUD","LTRENDIDX","M","2007-02",100.8958,
"OECD","CCI","AMPLITUD","LTRENDIDX","M","2007-03",100.8317,
"OECD","CCI","AMPLITUD","LTRENDIDX","M","2007-04",100.8168,
"OECD","CCI","AMPLITUD","LTRENDIDX","M","2007-05",100.8417,
"OECD","CCI","AMPLITUD","LTRENDIDX","M","2007-06",100.8289,
"OECD","CCI","AMPLITUD","LTRENDIDX","M","2007-07",100.7977,
"OECD","CCI","AMPLITUD","LTRENDIDX","M","2007-08",100.6578,
"OECD","CCI","AMPLITUD","LTRENDIDX","M","2007-09",100.4738,
"OECD","CCI","AMPLITUD","LTRENDIDX","M","2007-10",100.2517,
"OECD","CCI","AMPLITUD","LTRENDIDX","M","2007-11",100.0182,
"OECD","CCI","AMPLITUD","LTRENDIDX","M","2007-12",99.84108,
"OECD","CCI","AMPLITUD","LTRENDIDX","M","2008-01",99.64436,
"OECD","CCI","AMPLITUD","LTRENDIDX","M","2008-02",99.34813,
"OECD","CCI","AMPLITUD","LTRENDIDX","M","2008-03",99.01605,
"OECD","CCI","AMPLITUD","LTRENDIDX","M","2008-04",98.6368,
"OECD","CCI","AMPLITUD","LTRENDIDX","M","2008-05",98.28512,
"OECD","CCI","AMPLITUD","LTRENDIDX","M","2008-06",98.03219,
"OECD","CCI","AMPLITUD","LTRENDIDX","M","2008-07",97.9584,
"OECD","CCI","AMPLITUD","LTRENDIDX","M","2008-08",97.98647,
"OECD","CCI","AMPLITUD","LTRENDIDX","M","2008-09",97.90694,
"OECD","CCI","AMPLITUD","LTRENDIDX","M","2008-10",97.53876,
"OECD","CCI","AMPLITUD","LTRENDIDX","M","2008-11",97.19383,
"OECD","CCI","AMPLITUD","LTRENDIDX","M","2008-12",96.98288,
"OECD","CCI","AMPLITUD","LTRENDIDX","M","2009-01",96.87248,
"OECD","CCI","AMPLITUD","LTRENDIDX","M","2009-02",96.85175,
"OECD","CCI","AMPLITUD","LTRENDIDX","M","2009-03",97.05372,
"OECD","CCI","AMPLITUD","LTRENDIDX","M","2009-04",97.48737,
"OECD","CCI","AMPLITUD","LTRENDIDX","M","2009-05",97.92349,
"OECD","CCI","AMPLITUD","LTRENDIDX","M","2009-06",98.25634,
"OECD","CCI","AMPLITUD","LTRENDIDX","M","2009-07",98.46454,
"OECD","CCI","AMPLITUD","LTRENDIDX","M","2009-08",98.64959,
"OECD","CCI","AMPLITUD","LTRENDIDX","M","2009-09",98.84344,
"OECD","CCI","AMPLITUD","LTRENDIDX","M","2009-10",98.92266,
"OECD","CCI","AMPLITUD","LTRENDIDX","M","2009-11",98.9541,
"OECD","CCI","AMPLITUD","LTRENDIDX","M","2009-12",99.05016,
"OECD","CCI","AMPLITUD","LTRENDIDX","M","2010-01",99.16706,
"OECD","CCI","AMPLITUD","LTRENDIDX","M","2010-02",99.23734,
"OECD","CCI","AMPLITUD","LTRENDIDX","M","2010-03",99.29201,
"OECD","CCI","AMPLITUD","LTRENDIDX","M","2010-04",99.32954,
"OECD","CCI","AMPLITUD","LTRENDIDX","M","2010-05",99.34325,
"OECD","CCI","AMPLITUD","LTRENDIDX","M","2010-06",99.34306,
"OECD","CCI","AMPLITUD","LTRENDIDX","M","2010-07",99.30007,
"OECD","CCI","AMPLITUD","LTRENDIDX","M","2010-08",99.2928,
"OECD","CCI","AMPLITUD","LTRENDIDX","M","2010-09",99.30011,
"OECD","CCI","AMPLITUD","LTRENDIDX","M","2010-10",99.34805,
"OECD","CCI","AMPLITUD","LTRENDIDX","M","2010-11",99.45214,
"OECD","CCI","AMPLITUD","LTRENDIDX","M","2010-12",99.53091,
"OECD","CCI","AMPLITUD","LTRENDIDX","M","2011-01",99.5405,
"OECD","CCI","AMPLITUD","LTRENDIDX","M","2011-02",99.46342,
"OECD","CCI","AMPLITUD","LTRENDIDX","M","2011-03",99.27438,
"OECD","CCI","AMPLITUD","LTRENDIDX","M","2011-04",99.18252,
"OECD","CCI","AMPLITUD","LTRENDIDX","M","2011-05",99.18962,
"OECD","CCI","AMPLITUD","LTRENDIDX","M","2011-06",99.08913,
"OECD","CCI","AMPLITUD","LTRENDIDX","M","2011-07",98.81724,
"OECD","CCI","AMPLITUD","LTRENDIDX","M","2011-08",98.49969,
"OECD","CCI","AMPLITUD","LTRENDIDX","M","2011-09",98.352,
"OECD","CCI","AMPLITUD","LTRENDIDX","M","2011-10",98.3496,
"OECD","CCI","AMPLITUD","LTRENDIDX","M","2011-11",98.47221,
"OECD","CCI","AMPLITUD","LTRENDIDX","M","2011-12",98.66075,
"OECD","CCI","AMPLITUD","LTRENDIDX","M","2012-01",98.87118,
"OECD","CCI","AMPLITUD","LTRENDIDX","M","2012-02",99.01968,
"OECD","CCI","AMPLITUD","LTRENDIDX","M","2012-03",99.10131,
"OECD","CCI","AMPLITUD","LTRENDIDX","M","2012-04",99.1216,
"OECD","CCI","AMPLITUD","LTRENDIDX","M","2012-05",99.09909,
"OECD","CCI","AMPLITUD","LTRENDIDX","M","2012-06",98.99036,
"OECD","CCI","AMPLITUD","LTRENDIDX","M","2012-07",98.90407,
"OECD","CCI","AMPLITUD","LTRENDIDX","M","2012-08",98.8659,
"OECD","CCI","AMPLITUD","LTRENDIDX","M","2012-09",98.89006,
"OECD","CCI","AMPLITUD","LTRENDIDX","M","2012-10",98.93497,
"OECD","CCI","AMPLITUD","LTRENDIDX","M","2012-11",98.93478,
"OECD","CCI","AMPLITUD","LTRENDIDX","M","2012-12",98.89787,
"OECD","CCI","AMPLITUD","LTRENDIDX","M","2013-01",98.97445,
"OECD","CCI","AMPLITUD","LTRENDIDX","M","2013-02",99.09666,
"OECD","CCI","AMPLITUD","LTRENDIDX","M","2013-03",99.20705,
"OECD","CCI","AMPLITUD","LTRENDIDX","M","2013-04",99.32491,
"OECD","CCI","AMPLITUD","LTRENDIDX","M","2013-05",99.50925,
"OECD","CCI","AMPLITUD","LTRENDIDX","M","2013-06",99.67216,
"OECD","CCI","AMPLITUD","LTRENDIDX","M","2013-07",99.77274,
"OECD","CCI","AMPLITUD","LTRENDIDX","M","2013-08",99.75604,
"OECD","CCI","AMPLITUD","LTRENDIDX","M","2013-09",99.6609,
"OECD","CCI","AMPLITUD","LTRENDIDX","M","2013-10",99.574,
"OECD","CCI","AMPLITUD","LTRENDIDX","M","2013-11",99.59711,
"OECD","CCI","AMPLITUD","LTRENDIDX","M","2013-12",99.68293,
"OECD","CCI","AMPLITUD","LTRENDIDX","M","2014-01",99.73098,
"OECD","CCI","AMPLITUD","LTRENDIDX","M","2014-02",99.76714,
"OECD","CCI","AMPLITUD","LTRENDIDX","M","2014-03",99.86272,
"OECD","CCI","AMPLITUD","LTRENDIDX","M","2014-04",99.99171,
"OECD","CCI","AMPLITUD","LTRENDIDX","M","2014-05",100.0587,
"OECD","CCI","AMPLITUD","LTRENDIDX","M","2014-06",100.0697,
"OECD","CCI","AMPLITUD","LTRENDIDX","M","2014-07",100.0373,
"OECD","CCI","AMPLITUD","LTRENDIDX","M","2014-08",100.0045,
"OECD","CCI","AMPLITUD","LTRENDIDX","M","2014-09",99.99707,
"OECD","CCI","AMPLITUD","LTRENDIDX","M","2014-10",100.0268,
"OECD","CCI","AMPLITUD","LTRENDIDX","M","2014-11",100.1134,
"OECD","CCI","AMPLITUD","LTRENDIDX","M","2014-12",100.2762,
"OECD","CCI","AMPLITUD","LTRENDIDX","M","2015-01",100.4456,
"OECD","CCI","AMPLITUD","LTRENDIDX","M","2015-02",100.541,
"OECD","CCI","AMPLITUD","LTRENDIDX","M","2015-03",100.58,
"OECD","CCI","AMPLITUD","LTRENDIDX","M","2015-04",100.5739,
"OECD","CCI","AMPLITUD","LTRENDIDX","M","2015-05",100.5162,
"OECD","CCI","AMPLITUD","LTRENDIDX","M","2015-06",100.472,
"OECD","CCI","AMPLITUD","LTRENDIDX","M","2015-07",100.3555,
"OECD","CCI","AMPLITUD","LTRENDIDX","M","2015-08",100.2354,
"OECD","CCI","AMPLITUD","LTRENDIDX","M","2015-09",100.1692,
"OECD","CCI","AMPLITUD","LTRENDIDX","M","2015-10",100.2643,
"OECD","CCI","AMPLITUD","LTRENDIDX","M","2015-11",100.4178,
"OECD","CCI","AMPLITUD","LTRENDIDX","M","2015-12",100.4647,
"OECD","CCI","AMPLITUD","LTRENDIDX","M","2016-01",100.3872,
"OECD","CCI","AMPLITUD","LTRENDIDX","M","2016-02",100.2604,
"OECD","CCI","AMPLITUD","LTRENDIDX","M","2016-03",100.2026,
"OECD","CCI","AMPLITUD","LTRENDIDX","M","2016-04",100.2268,
"OECD","CCI","AMPLITUD","LTRENDIDX","M","2016-05",100.3091,
"OECD","CCI","AMPLITUD","LTRENDIDX","M","2016-06",100.3202,
"OECD","CCI","AMPLITUD","LTRENDIDX","M","2016-07",100.2625,
"OECD","CCI","AMPLITUD","LTRENDIDX","M","2016-08",100.2469,
"OECD","CCI","AMPLITUD","LTRENDIDX","M","2016-09",100.2605,
"OECD","CCI","AMPLITUD","LTRENDIDX","M","2016-10",100.2721,
"OECD","CCI","AMPLITUD","LTRENDIDX","M","2016-11",100.3411,
"OECD","CCI","AMPLITUD","LTRENDIDX","M","2016-12",100.423,
"OECD","CCI","AMPLITUD","LTRENDIDX","M","2017-01",100.4574,
"OECD","CCI","AMPLITUD","LTRENDIDX","M","2017-02",100.4962,
"OECD","CCI","AMPLITUD","LTRENDIDX","M","2017-03",100.5895,
"OECD","CCI","AMPLITUD","LTRENDIDX","M","2017-04",100.6917,
"OECD","CCI","AMPLITUD","LTRENDIDX","M","2017-05",100.7604,
"OECD","CCI","AMPLITUD","LTRENDIDX","M","2017-06",100.7769,
"OECD","CCI","AMPLITUD","LTRENDIDX","M","2017-07",100.7925,
"OECD","CCI","AMPLITUD","LTRENDIDX","M","2017-08",100.8382,
"OECD","CCI","AMPLITUD","LTRENDIDX","M","2017-09",100.894,
"OECD","CCI","AMPLITUD","LTRENDIDX","M","2017-10",100.9835,
"OECD","CCI","AMPLITUD","LTRENDIDX","M","2017-11",101.0464,
"USA","CCI","AMPLITUD","LTRENDIDX","M","1960-01",101.5508,
"USA","CCI","AMPLITUD","LTRENDIDX","M","1960-02",101.294,
"USA","CCI","AMPLITUD","LTRENDIDX","M","1960-03",101.0721,
"USA","CCI","AMPLITUD","LTRENDIDX","M","1960-04",100.9498,
"USA","CCI","AMPLITUD","LTRENDIDX","M","1960-05",100.9807,
"USA","CCI","AMPLITUD","LTRENDIDX","M","1960-06",101.0681,
"USA","CCI","AMPLITUD","LTRENDIDX","M","1960-07",101.0866,
"USA","CCI","AMPLITUD","LTRENDIDX","M","1960-08",100.9469,
"USA","CCI","AMPLITUD","LTRENDIDX","M","1960-09",100.7303,
"USA","CCI","AMPLITUD","LTRENDIDX","M","1960-10",100.5505,
"USA","CCI","AMPLITUD","LTRENDIDX","M","1960-11",100.4922,
"USA","CCI","AMPLITUD","LTRENDIDX","M","1960-12",100.5132,
"USA","CCI","AMPLITUD","LTRENDIDX","M","1961-01",100.5616,
"USA","CCI","AMPLITUD","LTRENDIDX","M","1961-02",100.6132,
"USA","CCI","AMPLITUD","LTRENDIDX","M","1961-03",100.6818,
"USA","CCI","AMPLITUD","LTRENDIDX","M","1961-04",100.8031,
"USA","CCI","AMPLITUD","LTRENDIDX","M","1961-05",101.0012,
"USA","CCI","AMPLITUD","LTRENDIDX","M","1961-06",101.2023,
"USA","CCI","AMPLITUD","LTRENDIDX","M","1961-07",101.2988,
"USA","CCI","AMPLITUD","LTRENDIDX","M","1961-08",101.2107,
"USA","CCI","AMPLITUD","LTRENDIDX","M","1961-09",101.0509,
"USA","CCI","AMPLITUD","LTRENDIDX","M","1961-10",100.9707,
"USA","CCI","AMPLITUD","LTRENDIDX","M","1961-11",101.0773,
"USA","CCI","AMPLITUD","LTRENDIDX","M","1961-12",101.2713,
"USA","CCI","AMPLITUD","LTRENDIDX","M","1962-01",101.4097,
"USA","CCI","AMPLITUD","LTRENDIDX","M","1962-02",101.3825,
"USA","CCI","AMPLITUD","LTRENDIDX","M","1962-03",101.2438,
"USA","CCI","AMPLITUD","LTRENDIDX","M","1962-04",101.0631,
"USA","CCI","AMPLITUD","LTRENDIDX","M","1962-05",100.8877,
"USA","CCI","AMPLITUD","LTRENDIDX","M","1962-06",100.7478,
"USA","CCI","AMPLITUD","LTRENDIDX","M","1962-07",100.6829,
"USA","CCI","AMPLITUD","LTRENDIDX","M","1962-08",100.733,
"USA","CCI","AMPLITUD","LTRENDIDX","M","1962-09",100.8549,
"USA","CCI","AMPLITUD","LTRENDIDX","M","1962-10",101.0051,
"USA","CCI","AMPLITUD","LTRENDIDX","M","1962-11",101.151,
"USA","CCI","AMPLITUD","LTRENDIDX","M","1962-12",101.2535,
"USA","CCI","AMPLITUD","LTRENDIDX","M","1963-01",101.2545,
"USA","CCI","AMPLITUD","LTRENDIDX","M","1963-02",101.1072,
"USA","CCI","AMPLITUD","LTRENDIDX","M","1963-03",100.908,
"USA","CCI","AMPLITUD","LTRENDIDX","M","1963-04",100.7822,
"USA","CCI","AMPLITUD","LTRENDIDX","M","1963-05",100.8205,
"USA","CCI","AMPLITUD","LTRENDIDX","M","1963-06",100.9428,
"USA","CCI","AMPLITUD","LTRENDIDX","M","1963-07",101.0441,
"USA","CCI","AMPLITUD","LTRENDIDX","M","1963-08",101.0556,
"USA","CCI","AMPLITUD","LTRENDIDX","M","1963-09",101.0277,
"USA","CCI","AMPLITUD","LTRENDIDX","M","1963-10",101.0399,
"USA","CCI","AMPLITUD","LTRENDIDX","M","1963-11",101.1507,
"USA","CCI","AMPLITUD","LTRENDIDX","M","1963-12",101.307,
"USA","CCI","AMPLITUD","LTRENDIDX","M","1964-01",101.4331,
"USA","CCI","AMPLITUD","LTRENDIDX","M","1964-02",101.4735,
"USA","CCI","AMPLITUD","LTRENDIDX","M","1964-03",101.4666,
"USA","CCI","AMPLITUD","LTRENDIDX","M","1964-04",101.4654,
"USA","CCI","AMPLITUD","LTRENDIDX","M","1964-05",101.5051,
"USA","CCI","AMPLITUD","LTRENDIDX","M","1964-06",101.5647,
"USA","CCI","AMPLITUD","LTRENDIDX","M","1964-07",101.6104,
"USA","CCI","AMPLITUD","LTRENDIDX","M","1964-08",101.6172,
"USA","CCI","AMPLITUD","LTRENDIDX","M","1964-09",101.6063,
"USA","CCI","AMPLITUD","LTRENDIDX","M","1964-10",101.6101,
"USA","CCI","AMPLITUD","LTRENDIDX","M","1964-11",101.6562,
"USA","CCI","AMPLITUD","LTRENDIDX","M","1964-12",101.7361,
"USA","CCI","AMPLITUD","LTRENDIDX","M","1965-01",101.8413,
"USA","CCI","AMPLITUD","LTRENDIDX","M","1965-02",101.9653,
"USA","CCI","AMPLITUD","LTRENDIDX","M","1965-03",102.0811,
"USA","CCI","AMPLITUD","LTRENDIDX","M","1965-04",102.1496,
"USA","CCI","AMPLITUD","LTRENDIDX","M","1965-05",102.1371,
"USA","CCI","AMPLITUD","LTRENDIDX","M","1965-06",102.0801,
"USA","CCI","AMPLITUD","LTRENDIDX","M","1965-07",102.0189,
"USA","CCI","AMPLITUD","LTRENDIDX","M","1965-08",101.9772,
"USA","CCI","AMPLITUD","LTRENDIDX","M","1965-09",101.9441,
"USA","CCI","AMPLITUD","LTRENDIDX","M","1965-10",101.8971,
"USA","CCI","AMPLITUD","LTRENDIDX","M","1965-11",101.8151,
"USA","CCI","AMPLITUD","LTRENDIDX","M","1965-12",101.7058,
"USA","CCI","AMPLITUD","LTRENDIDX","M","1966-01",101.5748,
"USA","CCI","AMPLITUD","LTRENDIDX","M","1966-02",101.4207,
"USA","CCI","AMPLITUD","LTRENDIDX","M","1966-03",101.2531,
"USA","CCI","AMPLITUD","LTRENDIDX","M","1966-04",101.0785,
"USA","CCI","AMPLITUD","LTRENDIDX","M","1966-05",100.8995,
"USA","CCI","AMPLITUD","LTRENDIDX","M","1966-06",100.721,
"USA","CCI","AMPLITUD","LTRENDIDX","M","1966-07",100.5536,
"USA","CCI","AMPLITUD","LTRENDIDX","M","1966-08",100.4154,
"USA","CCI","AMPLITUD","LTRENDIDX","M","1966-09",100.3239,
"USA","CCI","AMPLITUD","LTRENDIDX","M","1966-10",100.3204,
"USA","CCI","AMPLITUD","LTRENDIDX","M","1966-11",100.448,
"USA","CCI","AMPLITUD","LTRENDIDX","M","1966-12",100.642,
"USA","CCI","AMPLITUD","LTRENDIDX","M","1967-01",100.829,
"USA","CCI","AMPLITUD","LTRENDIDX","M","1967-02",100.9597,
"USA","CCI","AMPLITUD","LTRENDIDX","M","1967-03",101.0492,
"USA","CCI","AMPLITUD","LTRENDIDX","M","1967-04",101.1162,
"USA","CCI","AMPLITUD","LTRENDIDX","M","1967-05",101.1645,
"USA","CCI","AMPLITUD","LTRENDIDX","M","1967-06",101.1859,
"USA","CCI","AMPLITUD","LTRENDIDX","M","1967-07",101.1553,
"USA","CCI","AMPLITUD","LTRENDIDX","M","1967-08",101.0525,
"USA","CCI","AMPLITUD","LTRENDIDX","M","1967-09",100.9352,
"USA","CCI","AMPLITUD","LTRENDIDX","M","1967-10",100.8819,
"USA","CCI","AMPLITUD","LTRENDIDX","M","1967-11",100.9489,
"USA","CCI","AMPLITUD","LTRENDIDX","M","1967-12",101.0627,
"USA","CCI","AMPLITUD","LTRENDIDX","M","1968-01",101.1214,
"USA","CCI","AMPLITUD","LTRENDIDX","M","1968-02",101.0491,
"USA","CCI","AMPLITUD","LTRENDIDX","M","1968-03",100.9058,
"USA","CCI","AMPLITUD","LTRENDIDX","M","1968-04",100.7716,
"USA","CCI","AMPLITUD","LTRENDIDX","M","1968-05",100.702,
"USA","CCI","AMPLITUD","LTRENDIDX","M","1968-06",100.6747,
"USA","CCI","AMPLITUD","LTRENDIDX","M","1968-07",100.6592,
"USA","CCI","AMPLITUD","LTRENDIDX","M","1968-08",100.6436,
"USA","CCI","AMPLITUD","LTRENDIDX","M","1968-09",100.6508,
"USA","CCI","AMPLITUD","LTRENDIDX","M","1968-10",100.726,
"USA","CCI","AMPLITUD","LTRENDIDX","M","1968-11",100.9028,
"USA","CCI","AMPLITUD","LTRENDIDX","M","1968-12",101.1001,
"USA","CCI","AMPLITUD","LTRENDIDX","M","1969-01",101.1996,
"USA","CCI","AMPLITUD","LTRENDIDX","M","1969-02",101.1032,
"USA","CCI","AMPLITUD","LTRENDIDX","M","1969-03",100.8876,
"USA","CCI","AMPLITUD","LTRENDIDX","M","1969-04",100.6386,
"USA","CCI","AMPLITUD","LTRENDIDX","M","1969-05",100.4044,
"USA","CCI","AMPLITUD","LTRENDIDX","M","1969-06",100.1829,
"USA","CCI","AMPLITUD","LTRENDIDX","M","1969-07",99.95582,
"USA","CCI","AMPLITUD","LTRENDIDX","M","1969-08",99.71087,
"USA","CCI","AMPLITUD","LTRENDIDX","M","1969-09",99.46937,
"USA","CCI","AMPLITUD","LTRENDIDX","M","1969-10",99.26897,
"USA","CCI","AMPLITUD","LTRENDIDX","M","1969-11",99.14299,
"USA","CCI","AMPLITUD","LTRENDIDX","M","1969-12",99.05877,
"USA","CCI","AMPLITUD","LTRENDIDX","M","1970-01",98.98094,
"USA","CCI","AMPLITUD","LTRENDIDX","M","1970-02",98.8931,
"USA","CCI","AMPLITUD","LTRENDIDX","M","1970-03",98.81304,
"USA","CCI","AMPLITUD","LTRENDIDX","M","1970-04",98.7749,
"USA","CCI","AMPLITUD","LTRENDIDX","M","1970-05",98.80364,
"USA","CCI","AMPLITUD","LTRENDIDX","M","1970-06",98.84753,
"USA","CCI","AMPLITUD","LTRENDIDX","M","1970-07",98.83548,
"USA","CCI","AMPLITUD","LTRENDIDX","M","1970-08",98.71919,
"USA","CCI","AMPLITUD","LTRENDIDX","M","1970-09",98.57138,
"USA","CCI","AMPLITUD","LTRENDIDX","M","1970-10",98.4985,
"USA","CCI","AMPLITUD","LTRENDIDX","M","1970-11",98.58517,
"USA","CCI","AMPLITUD","LTRENDIDX","M","1970-12",98.7636,
"USA","CCI","AMPLITUD","LTRENDIDX","M","1971-01",98.94987,
"USA","CCI","AMPLITUD","LTRENDIDX","M","1971-02",99.08864,
"USA","CCI","AMPLITUD","LTRENDIDX","M","1971-03",99.18974,
"USA","CCI","AMPLITUD","LTRENDIDX","M","1971-04",99.27172,
"USA","CCI","AMPLITUD","LTRENDIDX","M","1971-05",99.3428,
"USA","CCI","AMPLITUD","LTRENDIDX","M","1971-06",99.40112,
"USA","CCI","AMPLITUD","LTRENDIDX","M","1971-07",99.43796,
"USA","CCI","AMPLITUD","LTRENDIDX","M","1971-08",99.4538,
"USA","CCI","AMPLITUD","LTRENDIDX","M","1971-09",99.49579,
"USA","CCI","AMPLITUD","LTRENDIDX","M","1971-10",99.638,
"USA","CCI","AMPLITUD","LTRENDIDX","M","1971-11",99.93555,
"USA","CCI","AMPLITUD","LTRENDIDX","M","1971-12",100.2784,
"USA","CCI","AMPLITUD","LTRENDIDX","M","1972-01",100.5165,
"USA","CCI","AMPLITUD","LTRENDIDX","M","1972-02",100.5393,
"USA","CCI","AMPLITUD","LTRENDIDX","M","1972-03",100.4605,
"USA","CCI","AMPLITUD","LTRENDIDX","M","1972-04",100.4307,
"USA","CCI","AMPLITUD","LTRENDIDX","M","1972-05",100.5518,
"USA","CCI","AMPLITUD","LTRENDIDX","M","1972-06",100.7428,
"USA","CCI","AMPLITUD","LTRENDIDX","M","1972-07",100.8766,
"USA","CCI","AMPLITUD","LTRENDIDX","M","1972-08",100.8475,
"USA","CCI","AMPLITUD","LTRENDIDX","M","1972-09",100.6953,
"USA","CCI","AMPLITUD","LTRENDIDX","M","1972-10",100.4587,
"USA","CCI","AMPLITUD","LTRENDIDX","M","1972-11",100.1509,
"USA","CCI","AMPLITUD","LTRENDIDX","M","1972-12",99.82095,
"USA","CCI","AMPLITUD","LTRENDIDX","M","1973-01",99.51632,
"USA","CCI","AMPLITUD","LTRENDIDX","M","1973-02",99.26921,
"USA","CCI","AMPLITUD","LTRENDIDX","M","1973-03",99.05661,
"USA","CCI","AMPLITUD","LTRENDIDX","M","1973-04",98.85574,
"USA","CCI","AMPLITUD","LTRENDIDX","M","1973-05",98.66495,
"USA","CCI","AMPLITUD","LTRENDIDX","M","1973-06",98.51281,
"USA","CCI","AMPLITUD","LTRENDIDX","M","1973-07",98.45338,
"USA","CCI","AMPLITUD","LTRENDIDX","M","1973-08",98.52261,
"USA","CCI","AMPLITUD","LTRENDIDX","M","1973-09",98.60226,
"USA","CCI","AMPLITUD","LTRENDIDX","M","1973-10",98.52658,
"USA","CCI","AMPLITUD","LTRENDIDX","M","1973-11",98.17889,
"USA","CCI","AMPLITUD","LTRENDIDX","M","1973-12",97.7432,
"USA","CCI","AMPLITUD","LTRENDIDX","M","1974-01",97.47684,
"USA","CCI","AMPLITUD","LTRENDIDX","M","1974-02",97.5709,
"USA","CCI","AMPLITUD","LTRENDIDX","M","1974-03",97.84155,
"USA","CCI","AMPLITUD","LTRENDIDX","M","1974-04",98.0389,
"USA","CCI","AMPLITUD","LTRENDIDX","M","1974-05",97.97938,
"USA","CCI","AMPLITUD","LTRENDIDX","M","1974-06",97.75134,
"USA","CCI","AMPLITUD","LTRENDIDX","M","1974-07",97.4734,
"USA","CCI","AMPLITUD","LTRENDIDX","M","1974-08",97.2211,
"USA","CCI","AMPLITUD","LTRENDIDX","M","1974-09",97.00368,
"USA","CCI","AMPLITUD","LTRENDIDX","M","1974-10",96.82458,
"USA","CCI","AMPLITUD","LTRENDIDX","M","1974-11",96.70721,
"USA","CCI","AMPLITUD","LTRENDIDX","M","1974-12",96.68229,
"USA","CCI","AMPLITUD","LTRENDIDX","M","1975-01",96.83088,
"USA","CCI","AMPLITUD","LTRENDIDX","M","1975-02",97.23496,
"USA","CCI","AMPLITUD","LTRENDIDX","M","1975-03",97.75454,
"USA","CCI","AMPLITUD","LTRENDIDX","M","1975-04",98.21825,
"USA","CCI","AMPLITUD","LTRENDIDX","M","1975-05",98.49847,
"USA","CCI","AMPLITUD","LTRENDIDX","M","1975-06",98.64238,
"USA","CCI","AMPLITUD","LTRENDIDX","M","1975-07",98.70516,
"USA","CCI","AMPLITUD","LTRENDIDX","M","1975-08",98.71957,
"USA","CCI","AMPLITUD","LTRENDIDX","M","1975-09",98.74664,
"USA","CCI","AMPLITUD","LTRENDIDX","M","1975-10",98.85728,
"USA","CCI","AMPLITUD","LTRENDIDX","M","1975-11",99.10145,
"USA","CCI","AMPLITUD","LTRENDIDX","M","1975-12",99.39342,
"USA","CCI","AMPLITUD","LTRENDIDX","M","1976-01",99.61987,
"USA","CCI","AMPLITUD","LTRENDIDX","M","1976-02",99.69997,
"USA","CCI","AMPLITUD","LTRENDIDX","M","1976-03",99.71117,
"USA","CCI","AMPLITUD","LTRENDIDX","M","1976-04",99.7581,
"USA","CCI","AMPLITUD","LTRENDIDX","M","1976-05",99.91061,
"USA","CCI","AMPLITUD","LTRENDIDX","M","1976-06",100.1059,
"USA","CCI","AMPLITUD","LTRENDIDX","M","1976-07",100.2465,
"USA","CCI","AMPLITUD","LTRENDIDX","M","1976-08",100.2554,
"USA","CCI","AMPLITUD","LTRENDIDX","M","1976-09",100.1855,
"USA","CCI","AMPLITUD","LTRENDIDX","M","1976-10",100.1056,
"USA","CCI","AMPLITUD","LTRENDIDX","M","1976-11",100.0646,
"USA","CCI","AMPLITUD","LTRENDIDX","M","1976-12",100.0653,
"USA","CCI","AMPLITUD","LTRENDIDX","M","1977-01",100.1098,
"USA","CCI","AMPLITUD","LTRENDIDX","M","1977-02",100.2021,
"USA","CCI","AMPLITUD","LTRENDIDX","M","1977-03",100.3085,
"USA","CCI","AMPLITUD","LTRENDIDX","M","1977-04",100.3855,
"USA","CCI","AMPLITUD","LTRENDIDX","M","1977-05",100.3954,
"USA","CCI","AMPLITUD","LTRENDIDX","M","1977-06",100.3507,
"USA","CCI","AMPLITUD","LTRENDIDX","M","1977-07",100.2565,
"USA","CCI","AMPLITUD","LTRENDIDX","M","1977-08",100.109,
"USA","CCI","AMPLITUD","LTRENDIDX","M","1977-09",99.9421,
"USA","CCI","AMPLITUD","LTRENDIDX","M","1977-10",99.79564,
"USA","CCI","AMPLITUD","LTRENDIDX","M","1977-11",99.70175,
"USA","CCI","AMPLITUD","LTRENDIDX","M","1977-12",99.65157,
"USA","CCI","AMPLITUD","LTRENDIDX","M","1978-01",99.61869,
"USA","CCI","AMPLITUD","LTRENDIDX","M","1978-02",99.53884,
"USA","CCI","AMPLITUD","LTRENDIDX","M","1978-03",99.40154,
"USA","CCI","AMPLITUD","LTRENDIDX","M","1978-04",99.40028,
"USA","CCI","AMPLITUD","LTRENDIDX","M","1978-05",99.42436,
"USA","CCI","AMPLITUD","LTRENDIDX","M","1978-06",99.38872,
"USA","CCI","AMPLITUD","LTRENDIDX","M","1978-07",99.36246,
"USA","CCI","AMPLITUD","LTRENDIDX","M","1978-08",99.26411,
"USA","CCI","AMPLITUD","LTRENDIDX","M","1978-09",99.16962,
"USA","CCI","AMPLITUD","LTRENDIDX","M","1978-10",98.94114,
"USA","CCI","AMPLITUD","LTRENDIDX","M","1978-11",98.5563,
"USA","CCI","AMPLITUD","LTRENDIDX","M","1978-12",98.20755,
"USA","CCI","AMPLITUD","LTRENDIDX","M","1979-01",98.18233,
"USA","CCI","AMPLITUD","LTRENDIDX","M","1979-02",98.16708,
"USA","CCI","AMPLITUD","LTRENDIDX","M","1979-03",97.97678,
"USA","CCI","AMPLITUD","LTRENDIDX","M","1979-04",97.78151,
"USA","CCI","AMPLITUD","LTRENDIDX","M","1979-05",97.65107,
"USA","CCI","AMPLITUD","LTRENDIDX","M","1979-06",97.46863,
"USA","CCI","AMPLITUD","LTRENDIDX","M","1979-07",97.30763,
"USA","CCI","AMPLITUD","LTRENDIDX","M","1979-08",97.3443,
"USA","CCI","AMPLITUD","LTRENDIDX","M","1979-09",97.38472,
"USA","CCI","AMPLITUD","LTRENDIDX","M","1979-10",97.30949,
"USA","CCI","AMPLITUD","LTRENDIDX","M","1979-11",97.29153,
"USA","CCI","AMPLITUD","LTRENDIDX","M","1979-12",97.33129,
"USA","CCI","AMPLITUD","LTRENDIDX","M","1980-01",97.41568,
"USA","CCI","AMPLITUD","LTRENDIDX","M","1980-02",97.20825,
"USA","CCI","AMPLITUD","LTRENDIDX","M","1980-03",96.66913,
"USA","CCI","AMPLITUD","LTRENDIDX","M","1980-04",96.25067,
"USA","CCI","AMPLITUD","LTRENDIDX","M","1980-05",96.21587,
"USA","CCI","AMPLITUD","LTRENDIDX","M","1980-06",96.61079,
"USA","CCI","AMPLITUD","LTRENDIDX","M","1980-07",97.18195,
"USA","CCI","AMPLITUD","LTRENDIDX","M","1980-08",97.80308,
"USA","CCI","AMPLITUD","LTRENDIDX","M","1980-09",98.32654,
"USA","CCI","AMPLITUD","LTRENDIDX","M","1980-10",98.54904,
"USA","CCI","AMPLITUD","LTRENDIDX","M","1980-11",98.4394,
"USA","CCI","AMPLITUD","LTRENDIDX","M","1980-12",98.06868,
"USA","CCI","AMPLITUD","LTRENDIDX","M","1981-01",97.91931,
"USA","CCI","AMPLITUD","LTRENDIDX","M","1981-02",97.82384,
"USA","CCI","AMPLITUD","LTRENDIDX","M","1981-03",97.92421,
"USA","CCI","AMPLITUD","LTRENDIDX","M","1981-04",98.23901,
"USA","CCI","AMPLITUD","LTRENDIDX","M","1981-05",98.51614,
"USA","CCI","AMPLITUD","LTRENDIDX","M","1981-06",98.61063,
"USA","CCI","AMPLITUD","LTRENDIDX","M","1981-07",98.66514,
"USA","CCI","AMPLITUD","LTRENDIDX","M","1981-08",98.63996,
"USA","CCI","AMPLITUD","LTRENDIDX","M","1981-09",98.37589,
"USA","CCI","AMPLITUD","LTRENDIDX","M","1981-10",97.98319,
"USA","CCI","AMPLITUD","LTRENDIDX","M","1981-11",97.62453,
"USA","CCI","AMPLITUD","LTRENDIDX","M","1981-12",97.57893,
"USA","CCI","AMPLITUD","LTRENDIDX","M","1982-01",97.68494,
"USA","CCI","AMPLITUD","LTRENDIDX","M","1982-02",97.59743,
"USA","CCI","AMPLITUD","LTRENDIDX","M","1982-03",97.46813,
"USA","CCI","AMPLITUD","LTRENDIDX","M","1982-04",97.50488,
"USA","CCI","AMPLITUD","LTRENDIDX","M","1982-05",97.57271,
"USA","CCI","AMPLITUD","LTRENDIDX","M","1982-06",97.56794,
"USA","CCI","AMPLITUD","LTRENDIDX","M","1982-07",97.58512,
"USA","CCI","AMPLITUD","LTRENDIDX","M","1982-08",97.71048,
"USA","CCI","AMPLITUD","LTRENDIDX","M","1982-09",97.96957,
"USA","CCI","AMPLITUD","LTRENDIDX","M","1982-10",98.20187,
"USA","CCI","AMPLITUD","LTRENDIDX","M","1982-11",98.25949,
"USA","CCI","AMPLITUD","LTRENDIDX","M","1982-12",98.25614,
"USA","CCI","AMPLITUD","LTRENDIDX","M","1983-01",98.3569,
"USA","CCI","AMPLITUD","LTRENDIDX","M","1983-02",98.75806,
"USA","CCI","AMPLITUD","LTRENDIDX","M","1983-03",99.41039,
"USA","CCI","AMPLITUD","LTRENDIDX","M","1983-04",100.1109,
"USA","CCI","AMPLITUD","LTRENDIDX","M","1983-05",100.5781,
"USA","CCI","AMPLITUD","LTRENDIDX","M","1983-06",100.7261,
"USA","CCI","AMPLITUD","LTRENDIDX","M","1983-07",100.6902,
"USA","CCI","AMPLITUD","LTRENDIDX","M","1983-08",100.5496,
"USA","CCI","AMPLITUD","LTRENDIDX","M","1983-09",100.4339,
"USA","CCI","AMPLITUD","LTRENDIDX","M","1983-10",100.4406,
"USA","CCI","AMPLITUD","LTRENDIDX","M","1983-11",100.6336,
"USA","CCI","AMPLITUD","LTRENDIDX","M","1983-12",100.9659,
"USA","CCI","AMPLITUD","LTRENDIDX","M","1984-01",101.2979,
"USA","CCI","AMPLITUD","LTRENDIDX","M","1984-02",101.4291,
"USA","CCI","AMPLITUD","LTRENDIDX","M","1984-03",101.4586,
"USA","CCI","AMPLITUD","LTRENDIDX","M","1984-04",101.337,
"USA","CCI","AMPLITUD","LTRENDIDX","M","1984-05",101.2591,
"USA","CCI","AMPLITUD","LTRENDIDX","M","1984-06",101.2107,
"USA","CCI","AMPLITUD","LTRENDIDX","M","1984-07",101.2814,
"USA","CCI","AMPLITUD","LTRENDIDX","M","1984-08",101.4074,
"USA","CCI","AMPLITUD","LTRENDIDX","M","1984-09",101.4299,
"USA","CCI","AMPLITUD","LTRENDIDX","M","1984-10",101.263,
"USA","CCI","AMPLITUD","LTRENDIDX","M","1984-11",101.0824,
"USA","CCI","AMPLITUD","LTRENDIDX","M","1984-12",100.9517,
"USA","CCI","AMPLITUD","LTRENDIDX","M","1985-01",100.9335,
"USA","CCI","AMPLITUD","LTRENDIDX","M","1985-02",100.8909,
"USA","CCI","AMPLITUD","LTRENDIDX","M","1985-03",100.8696,
"USA","CCI","AMPLITUD","LTRENDIDX","M","1985-04",100.8706,
"USA","CCI","AMPLITUD","LTRENDIDX","M","1985-05",100.8716,
"USA","CCI","AMPLITUD","LTRENDIDX","M","1985-06",100.9315,
"USA","CCI","AMPLITUD","LTRENDIDX","M","1985-07",100.8608,
"USA","CCI","AMPLITUD","LTRENDIDX","M","1985-08",100.7131,
"USA","CCI","AMPLITUD","LTRENDIDX","M","1985-09",100.5631,
"USA","CCI","AMPLITUD","LTRENDIDX","M","1985-10",100.4656,
"USA","CCI","AMPLITUD","LTRENDIDX","M","1985-11",100.5711,
"USA","CCI","AMPLITUD","LTRENDIDX","M","1985-12",100.7883,
"USA","CCI","AMPLITUD","LTRENDIDX","M","1986-01",100.9723,
"USA","CCI","AMPLITUD","LTRENDIDX","M","1986-02",101.0601,
"USA","CCI","AMPLITUD","LTRENDIDX","M","1986-03",101.085,
"USA","CCI","AMPLITUD","LTRENDIDX","M","1986-04",101.1251,
"USA","CCI","AMPLITUD","LTRENDIDX","M","1986-05",101.1838,
"USA","CCI","AMPLITUD","LTRENDIDX","M","1986-06",101.2795,
"USA","CCI","AMPLITUD","LTRENDIDX","M","1986-07",101.2216,
"USA","CCI","AMPLITUD","LTRENDIDX","M","1986-08",101.0438,
"USA","CCI","AMPLITUD","LTRENDIDX","M","1986-09",100.8741,
"USA","CCI","AMPLITUD","LTRENDIDX","M","1986-10",100.7835,
"USA","CCI","AMPLITUD","LTRENDIDX","M","1986-11",100.604,
"USA","CCI","AMPLITUD","LTRENDIDX","M","1986-12",100.4533,
"USA","CCI","AMPLITUD","LTRENDIDX","M","1987-01",100.4214,
"USA","CCI","AMPLITUD","LTRENDIDX","M","1987-02",100.4513,
"USA","CCI","AMPLITUD","LTRENDIDX","M","1987-03",100.5234,
"USA","CCI","AMPLITUD","LTRENDIDX","M","1987-04",100.6023,
"USA","CCI","AMPLITUD","LTRENDIDX","M","1987-05",100.6349,
"USA","CCI","AMPLITUD","LTRENDIDX","M","1987-06",100.7064,
"USA","CCI","AMPLITUD","LTRENDIDX","M","1987-07",100.808,
"USA","CCI","AMPLITUD","LTRENDIDX","M","1987-08",100.8126,
"USA","CCI","AMPLITUD","LTRENDIDX","M","1987-09",100.6314,
"USA","CCI","AMPLITUD","LTRENDIDX","M","1987-10",100.2914,
"USA","CCI","AMPLITUD","LTRENDIDX","M","1987-11",100.0226,
"USA","CCI","AMPLITUD","LTRENDIDX","M","1987-12",100.0931,
"USA","CCI","AMPLITUD","LTRENDIDX","M","1988-01",100.3508,
"USA","CCI","AMPLITUD","LTRENDIDX","M","1988-02",100.5865,
"USA","CCI","AMPLITUD","LTRENDIDX","M","1988-03",100.7463,
"USA","CCI","AMPLITUD","LTRENDIDX","M","1988-04",100.7892,
"USA","CCI","AMPLITUD","LTRENDIDX","M","1988-05",100.88,
"USA","CCI","AMPLITUD","LTRENDIDX","M","1988-06",100.9468,
"USA","CCI","AMPLITUD","LTRENDIDX","M","1988-07",101.0134,
"USA","CCI","AMPLITUD","LTRENDIDX","M","1988-08",101.1202,
"USA","CCI","AMPLITUD","LTRENDIDX","M","1988-09",101.1052,
"USA","CCI","AMPLITUD","LTRENDIDX","M","1988-10",100.9666,
"USA","CCI","AMPLITUD","LTRENDIDX","M","1988-11",100.8663,
"USA","CCI","AMPLITUD","LTRENDIDX","M","1988-12",100.8926,
"USA","CCI","AMPLITUD","LTRENDIDX","M","1989-01",101.0315,
"USA","CCI","AMPLITUD","LTRENDIDX","M","1989-02",101.0116,
"USA","CCI","AMPLITUD","LTRENDIDX","M","1989-03",100.8689,
"USA","CCI","AMPLITUD","LTRENDIDX","M","1989-04",100.6737,
"USA","CCI","AMPLITUD","LTRENDIDX","M","1989-05",100.5441,
"USA","CCI","AMPLITUD","LTRENDIDX","M","1989-06",100.5124,
"USA","CCI","AMPLITUD","LTRENDIDX","M","1989-07",100.5608,
"USA","CCI","AMPLITUD","LTRENDIDX","M","1989-08",100.6415,
"USA","CCI","AMPLITUD","LTRENDIDX","M","1989-09",100.7925,
"USA","CCI","AMPLITUD","LTRENDIDX","M","1989-10",100.7755,
"USA","CCI","AMPLITUD","LTRENDIDX","M","1989-11",100.6521,
"USA","CCI","AMPLITUD","LTRENDIDX","M","1989-12",100.5784,
"USA","CCI","AMPLITUD","LTRENDIDX","M","1990-01",100.5758,
"USA","CCI","AMPLITUD","LTRENDIDX","M","1990-02",100.5579,
"USA","CCI","AMPLITUD","LTRENDIDX","M","1990-03",100.6264,
"USA","CCI","AMPLITUD","LTRENDIDX","M","1990-04",100.6785,
"USA","CCI","AMPLITUD","LTRENDIDX","M","1990-05",100.5495,
"USA","CCI","AMPLITUD","LTRENDIDX","M","1990-06",100.2658,
"USA","CCI","AMPLITUD","LTRENDIDX","M","1990-07",99.78648,
"USA","CCI","AMPLITUD","LTRENDIDX","M","1990-08",99.01746,
"USA","CCI","AMPLITUD","LTRENDIDX","M","1990-09",98.27866,
"USA","CCI","AMPLITUD","LTRENDIDX","M","1990-10",97.68818,
"USA","CCI","AMPLITUD","LTRENDIDX","M","1990-11",97.47849,
"USA","CCI","AMPLITUD","LTRENDIDX","M","1990-12",97.54224,
"USA","CCI","AMPLITUD","LTRENDIDX","M","1991-01",97.88842,
"USA","CCI","AMPLITUD","LTRENDIDX","M","1991-02",98.51997,
"USA","CCI","AMPLITUD","LTRENDIDX","M","1991-03",99.24016,
"USA","CCI","AMPLITUD","LTRENDIDX","M","1991-04",99.44357,
"USA","CCI","AMPLITUD","LTRENDIDX","M","1991-05",99.42663,
"USA","CCI","AMPLITUD","LTRENDIDX","M","1991-06",99.49157,
"USA","CCI","AMPLITUD","LTRENDIDX","M","1991-07",99.55263,
"USA","CCI","AMPLITUD","LTRENDIDX","M","1991-08",99.51711,
"USA","CCI","AMPLITUD","LTRENDIDX","M","1991-09",99.31819,
"USA","CCI","AMPLITUD","LTRENDIDX","M","1991-10",98.84489,
"USA","CCI","AMPLITUD","LTRENDIDX","M","1991-11",98.25826,
"USA","CCI","AMPLITUD","LTRENDIDX","M","1991-12",97.91312,
"USA","CCI","AMPLITUD","LTRENDIDX","M","1992-01",97.86468,
"USA","CCI","AMPLITUD","LTRENDIDX","M","1992-02",98.10818,
"USA","CCI","AMPLITUD","LTRENDIDX","M","1992-03",98.54507,
"USA","CCI","AMPLITUD","LTRENDIDX","M","1992-04",98.89214,
"USA","CCI","AMPLITUD","LTRENDIDX","M","1992-05",99.08974,
"USA","CCI","AMPLITUD","LTRENDIDX","M","1992-06",99.09556,
"USA","CCI","AMPLITUD","LTRENDIDX","M","1992-07",98.92181,
"USA","CCI","AMPLITUD","LTRENDIDX","M","1992-08",98.77023,
"USA","CCI","AMPLITUD","LTRENDIDX","M","1992-09",98.75981,
"USA","CCI","AMPLITUD","LTRENDIDX","M","1992-10",99.01966,
"USA","CCI","AMPLITUD","LTRENDIDX","M","1992-11",99.64079,
"USA","CCI","AMPLITUD","LTRENDIDX","M","1992-12",100.1462,
"USA","CCI","AMPLITUD","LTRENDIDX","M","1993-01",100.2785,
"USA","CCI","AMPLITUD","LTRENDIDX","M","1993-02",100.1631,
"USA","CCI","AMPLITUD","LTRENDIDX","M","1993-03",99.97688,
"USA","CCI","AMPLITUD","LTRENDIDX","M","1993-04",99.7464,
"USA","CCI","AMPLITUD","LTRENDIDX","M","1993-05",99.45198,
"USA","CCI","AMPLITUD","LTRENDIDX","M","1993-06",99.22302,
"USA","CCI","AMPLITUD","LTRENDIDX","M","1993-07",99.0103,
"USA","CCI","AMPLITUD","LTRENDIDX","M","1993-08",98.95576,
"USA","CCI","AMPLITUD","LTRENDIDX","M","1993-09",99.07709,
"USA","CCI","AMPLITUD","LTRENDIDX","M","1993-10",99.35738,
"USA","CCI","AMPLITUD","LTRENDIDX","M","1993-11",99.69435,
"USA","CCI","AMPLITUD","LTRENDIDX","M","1993-12",100.1834,
"USA","CCI","AMPLITUD","LTRENDIDX","M","1994-01",100.6044,
"USA","CCI","AMPLITUD","LTRENDIDX","M","1994-02",100.7548,
"USA","CCI","AMPLITUD","LTRENDIDX","M","1994-03",100.744,
"USA","CCI","AMPLITUD","LTRENDIDX","M","1994-04",100.7144,
"USA","CCI","AMPLITUD","LTRENDIDX","M","1994-05",100.6519,
"USA","CCI","AMPLITUD","LTRENDIDX","M","1994-06",100.5456,
"USA","CCI","AMPLITUD","LTRENDIDX","M","1994-07",100.4731,
"USA","CCI","AMPLITUD","LTRENDIDX","M","1994-08",100.519,
"USA","CCI","AMPLITUD","LTRENDIDX","M","1994-09",100.5898,
"USA","CCI","AMPLITUD","LTRENDIDX","M","1994-10",100.6838,
"USA","CCI","AMPLITUD","LTRENDIDX","M","1994-11",100.7981,
"USA","CCI","AMPLITUD","LTRENDIDX","M","1994-12",100.9746,
"USA","CCI","AMPLITUD","LTRENDIDX","M","1995-01",101.0567,
"USA","CCI","AMPLITUD","LTRENDIDX","M","1995-02",100.9238,
"USA","CCI","AMPLITUD","LTRENDIDX","M","1995-03",100.7027,
"USA","CCI","AMPLITUD","LTRENDIDX","M","1995-04",100.6068,
"USA","CCI","AMPLITUD","LTRENDIDX","M","1995-05",100.5942,
"USA","CCI","AMPLITUD","LTRENDIDX","M","1995-06",100.7212,
"USA","CCI","AMPLITUD","LTRENDIDX","M","1995-07",100.8385,
"USA","CCI","AMPLITUD","LTRENDIDX","M","1995-08",100.8046,
"USA","CCI","AMPLITUD","LTRENDIDX","M","1995-09",100.5676,
"USA","CCI","AMPLITUD","LTRENDIDX","M","1995-10",100.411,
"USA","CCI","AMPLITUD","LTRENDIDX","M","1995-11",100.3332,
"USA","CCI","AMPLITUD","LTRENDIDX","M","1995-12",100.3572,
"USA","CCI","AMPLITUD","LTRENDIDX","M","1996-01",100.3735,
"USA","CCI","AMPLITUD","LTRENDIDX","M","1996-02",100.4446,
"USA","CCI","AMPLITUD","LTRENDIDX","M","1996-03",100.5894,
"USA","CCI","AMPLITUD","LTRENDIDX","M","1996-04",100.618,
"USA","CCI","AMPLITUD","LTRENDIDX","M","1996-05",100.5974,
"USA","CCI","AMPLITUD","LTRENDIDX","M","1996-06",100.7053,
"USA","CCI","AMPLITUD","LTRENDIDX","M","1996-07",100.8639,
"USA","CCI","AMPLITUD","LTRENDIDX","M","1996-08",100.9834,
"USA","CCI","AMPLITUD","LTRENDIDX","M","1996-09",101.0737,
"USA","CCI","AMPLITUD","LTRENDIDX","M","1996-10",101.1952,
"USA","CCI","AMPLITUD","LTRENDIDX","M","1996-11",101.2985,
"USA","CCI","AMPLITUD","LTRENDIDX","M","1996-12",101.3137,
"USA","CCI","AMPLITUD","LTRENDIDX","M","1997-01",101.3641,
"USA","CCI","AMPLITUD","LTRENDIDX","M","1997-02",101.4814,
"USA","CCI","AMPLITUD","LTRENDIDX","M","1997-03",101.6133,
"USA","CCI","AMPLITUD","LTRENDIDX","M","1997-04",101.7772,
"USA","CCI","AMPLITUD","LTRENDIDX","M","1997-05",101.9623,
"USA","CCI","AMPLITUD","LTRENDIDX","M","1997-06",102.1309,
"USA","CCI","AMPLITUD","LTRENDIDX","M","1997-07",102.2444,
"USA","CCI","AMPLITUD","LTRENDIDX","M","1997-08",102.247,
"USA","CCI","AMPLITUD","LTRENDIDX","M","1997-09",102.2579,
"USA","CCI","AMPLITUD","LTRENDIDX","M","1997-10",102.251,
"USA","CCI","AMPLITUD","LTRENDIDX","M","1997-11",102.2327,
"USA","CCI","AMPLITUD","LTRENDIDX","M","1997-12",102.2012,
"USA","CCI","AMPLITUD","LTRENDIDX","M","1998-01",102.353,
"USA","CCI","AMPLITUD","LTRENDIDX","M","1998-02",102.5153,
"USA","CCI","AMPLITUD","LTRENDIDX","M","1998-03",102.5228,
"USA","CCI","AMPLITUD","LTRENDIDX","M","1998-04",102.5014,
"USA","CCI","AMPLITUD","LTRENDIDX","M","1998-05",102.403,
"USA","CCI","AMPLITUD","LTRENDIDX","M","1998-06",102.2847,
"USA","CCI","AMPLITUD","LTRENDIDX","M","1998-07",102.1494,
"USA","CCI","AMPLITUD","LTRENDIDX","M","1998-08",101.9582,
"USA","CCI","AMPLITUD","LTRENDIDX","M","1998-09",101.719,
"USA","CCI","AMPLITUD","LTRENDIDX","M","1998-10",101.5837,
"USA","CCI","AMPLITUD","LTRENDIDX","M","1998-11",101.6766,
"USA","CCI","AMPLITUD","LTRENDIDX","M","1998-12",101.8187,
"USA","CCI","AMPLITUD","LTRENDIDX","M","1999-01",102.0568,
"USA","CCI","AMPLITUD","LTRENDIDX","M","1999-02",102.2638,
"USA","CCI","AMPLITUD","LTRENDIDX","M","1999-03",102.2988,
"USA","CCI","AMPLITUD","LTRENDIDX","M","1999-04",102.294,
"USA","CCI","AMPLITUD","LTRENDIDX","M","1999-05",102.3374,
"USA","CCI","AMPLITUD","LTRENDIDX","M","1999-06",102.3484,
"USA","CCI","AMPLITUD","LTRENDIDX","M","1999-07",102.2932,
"USA","CCI","AMPLITUD","LTRENDIDX","M","1999-08",102.232,
"USA","CCI","AMPLITUD","LTRENDIDX","M","1999-09",102.2218,
"USA","CCI","AMPLITUD","LTRENDIDX","M","1999-10",102.2013,
"USA","CCI","AMPLITUD","LTRENDIDX","M","1999-11",102.3185,
"USA","CCI","AMPLITUD","LTRENDIDX","M","1999-12",102.4811,
"USA","CCI","AMPLITUD","LTRENDIDX","M","2000-01",102.7093,
"USA","CCI","AMPLITUD","LTRENDIDX","M","2000-02",102.7616,
"USA","CCI","AMPLITUD","LTRENDIDX","M","2000-03",102.6815,
"USA","CCI","AMPLITUD","LTRENDIDX","M","2000-04",102.6632,
"USA","CCI","AMPLITUD","LTRENDIDX","M","2000-05",102.6382,
"USA","CCI","AMPLITUD","LTRENDIDX","M","2000-06",102.5404,
"USA","CCI","AMPLITUD","LTRENDIDX","M","2000-07",102.5073,
"USA","CCI","AMPLITUD","LTRENDIDX","M","2000-08",102.4728,
"USA","CCI","AMPLITUD","LTRENDIDX","M","2000-09",102.4235,
"USA","CCI","AMPLITUD","LTRENDIDX","M","2000-10",102.3157,
"USA","CCI","AMPLITUD","LTRENDIDX","M","2000-11",102.0661,
"USA","CCI","AMPLITUD","LTRENDIDX","M","2000-12",101.542,
"USA","CCI","AMPLITUD","LTRENDIDX","M","2001-01",101.0227,
"USA","CCI","AMPLITUD","LTRENDIDX","M","2001-02",100.6431,
"USA","CCI","AMPLITUD","LTRENDIDX","M","2001-03",100.4793,
"USA","CCI","AMPLITUD","LTRENDIDX","M","2001-04",100.4465,
"USA","CCI","AMPLITUD","LTRENDIDX","M","2001-05",100.5685,
"USA","CCI","AMPLITUD","LTRENDIDX","M","2001-06",100.6469,
"USA","CCI","AMPLITUD","LTRENDIDX","M","2001-07",100.5615,
"USA","CCI","AMPLITUD","LTRENDIDX","M","2001-08",100.2622,
"USA","CCI","AMPLITUD","LTRENDIDX","M","2001-09",99.83085,
"USA","CCI","AMPLITUD","LTRENDIDX","M","2001-10",99.67533,
"USA","CCI","AMPLITUD","LTRENDIDX","M","2001-11",99.82201,
"USA","CCI","AMPLITUD","LTRENDIDX","M","2001-12",100.177,
"USA","CCI","AMPLITUD","LTRENDIDX","M","2002-01",100.5202,
"USA","CCI","AMPLITUD","LTRENDIDX","M","2002-02",100.7259,
"USA","CCI","AMPLITUD","LTRENDIDX","M","2002-03",100.9118,
"USA","CCI","AMPLITUD","LTRENDIDX","M","2002-04",100.9642,
"USA","CCI","AMPLITUD","LTRENDIDX","M","2002-05",100.9383,
"USA","CCI","AMPLITUD","LTRENDIDX","M","2002-06",100.6894,
"USA","CCI","AMPLITUD","LTRENDIDX","M","2002-07",100.3561,
"USA","CCI","AMPLITUD","LTRENDIDX","M","2002-08",100.0815,
"USA","CCI","AMPLITUD","LTRENDIDX","M","2002-09",99.8412,
"USA","CCI","AMPLITUD","LTRENDIDX","M","2002-10",99.65981,
"USA","CCI","AMPLITUD","LTRENDIDX","M","2002-11",99.67475,
"USA","CCI","AMPLITUD","LTRENDIDX","M","2002-12",99.67223,
"USA","CCI","AMPLITUD","LTRENDIDX","M","2003-01",99.49484,
"USA","CCI","AMPLITUD","LTRENDIDX","M","2003-02",99.33751,
"USA","CCI","AMPLITUD","LTRENDIDX","M","2003-03",99.42016,
"USA","CCI","AMPLITUD","LTRENDIDX","M","2003-04",99.85163,
"USA","CCI","AMPLITUD","LTRENDIDX","M","2003-05",100.277,
"USA","CCI","AMPLITUD","LTRENDIDX","M","2003-06",100.4322,
"USA","CCI","AMPLITUD","LTRENDIDX","M","2003-07",100.4345,
"USA","CCI","AMPLITUD","LTRENDIDX","M","2003-08",100.3456,
"USA","CCI","AMPLITUD","LTRENDIDX","M","2003-09",100.3104,
"USA","CCI","AMPLITUD","LTRENDIDX","M","2003-10",100.4578,
"USA","CCI","AMPLITUD","LTRENDIDX","M","2003-11",100.7484,
"USA","CCI","AMPLITUD","LTRENDIDX","M","2003-12",101.0498,
"USA","CCI","AMPLITUD","LTRENDIDX","M","2004-01",101.3276,
"USA","CCI","AMPLITUD","LTRENDIDX","M","2004-02",101.2147,
"USA","CCI","AMPLITUD","LTRENDIDX","M","2004-03",101.0478,
"USA","CCI","AMPLITUD","LTRENDIDX","M","2004-04",100.8776,
"USA","CCI","AMPLITUD","LTRENDIDX","M","2004-05",100.7997,
"USA","CCI","AMPLITUD","LTRENDIDX","M","2004-06",100.9368,
"USA","CCI","AMPLITUD","LTRENDIDX","M","2004-07",101.0476,
"USA","CCI","AMPLITUD","LTRENDIDX","M","2004-08",101.0231,
"USA","CCI","AMPLITUD","LTRENDIDX","M","2004-09",100.9048,
"USA","CCI","AMPLITUD","LTRENDIDX","M","2004-10",100.8161,
"USA","CCI","AMPLITUD","LTRENDIDX","M","2004-11",100.8799,
"USA","CCI","AMPLITUD","LTRENDIDX","M","2004-12",101.015,
"USA","CCI","AMPLITUD","LTRENDIDX","M","2005-01",101.0003,
"USA","CCI","AMPLITUD","LTRENDIDX","M","2005-02",100.8455,
"USA","CCI","AMPLITUD","LTRENDIDX","M","2005-03",100.6173,
"USA","CCI","AMPLITUD","LTRENDIDX","M","2005-04",100.4299,
"USA","CCI","AMPLITUD","LTRENDIDX","M","2005-05",100.4974,
"USA","CCI","AMPLITUD","LTRENDIDX","M","2005-06",100.7463,
"USA","CCI","AMPLITUD","LTRENDIDX","M","2005-07",100.6532,
"USA","CCI","AMPLITUD","LTRENDIDX","M","2005-08",100.0651,
"USA","CCI","AMPLITUD","LTRENDIDX","M","2005-09",99.35023,
"USA","CCI","AMPLITUD","LTRENDIDX","M","2005-10",99.11823,
"USA","CCI","AMPLITUD","LTRENDIDX","M","2005-11",99.50272,
"USA","CCI","AMPLITUD","LTRENDIDX","M","2005-12",100.0764,
"USA","CCI","AMPLITUD","LTRENDIDX","M","2006-01",100.3353,
"USA","CCI","AMPLITUD","LTRENDIDX","M","2006-02",100.2869,
"USA","CCI","AMPLITUD","LTRENDIDX","M","2006-03",100.1562,
"USA","CCI","AMPLITUD","LTRENDIDX","M","2006-04",99.90605,
"USA","CCI","AMPLITUD","LTRENDIDX","M","2006-05",99.62564,
"USA","CCI","AMPLITUD","LTRENDIDX","M","2006-06",99.60499,
"USA","CCI","AMPLITUD","LTRENDIDX","M","2006-07",99.64095,
"USA","CCI","AMPLITUD","LTRENDIDX","M","2006-08",99.73866,
"USA","CCI","AMPLITUD","LTRENDIDX","M","2006-09",100.0521,
"USA","CCI","AMPLITUD","LTRENDIDX","M","2006-10",100.4697,
"USA","CCI","AMPLITUD","LTRENDIDX","M","2006-11",100.6994,
"USA","CCI","AMPLITUD","LTRENDIDX","M","2006-12",100.8141,
"USA","CCI","AMPLITUD","LTRENDIDX","M","2007-01",100.8459,
"USA","CCI","AMPLITUD","LTRENDIDX","M","2007-02",100.6241,
"USA","CCI","AMPLITUD","LTRENDIDX","M","2007-03",100.3539,
"USA","CCI","AMPLITUD","LTRENDIDX","M","2007-04",100.1809,
"USA","CCI","AMPLITUD","LTRENDIDX","M","2007-05",100.1209,
"USA","CCI","AMPLITUD","LTRENDIDX","M","2007-06",100.0805,
"USA","CCI","AMPLITUD","LTRENDIDX","M","2007-07",100.0575,
"USA","CCI","AMPLITUD","LTRENDIDX","M","2007-08",99.82967,
"USA","CCI","AMPLITUD","LTRENDIDX","M","2007-09",99.57605,
"USA","CCI","AMPLITUD","LTRENDIDX","M","2007-10",99.28328,
"USA","CCI","AMPLITUD","LTRENDIDX","M","2007-11",98.99915,
"USA","CCI","AMPLITUD","LTRENDIDX","M","2007-12",98.83199,
"USA","CCI","AMPLITUD","LTRENDIDX","M","2008-01",98.6713,
"USA","CCI","AMPLITUD","LTRENDIDX","M","2008-02",98.28458,
"USA","CCI","AMPLITUD","LTRENDIDX","M","2008-03",97.81836,
"USA","CCI","AMPLITUD","LTRENDIDX","M","2008-04",97.29283,
"USA","CCI","AMPLITUD","LTRENDIDX","M","2008-05",96.91551,
"USA","CCI","AMPLITUD","LTRENDIDX","M","2008-06",96.79686,
"USA","CCI","AMPLITUD","LTRENDIDX","M","2008-07",96.99892,
"USA","CCI","AMPLITUD","LTRENDIDX","M","2008-08",97.2549,
"USA","CCI","AMPLITUD","LTRENDIDX","M","2008-09",97.33056,
"USA","CCI","AMPLITUD","LTRENDIDX","M","2008-10",96.97945,
"USA","CCI","AMPLITUD","LTRENDIDX","M","2008-11",96.72417,
"USA","CCI","AMPLITUD","LTRENDIDX","M","2008-12",96.71675,
"USA","CCI","AMPLITUD","LTRENDIDX","M","2009-01",96.72392,
"USA","CCI","AMPLITUD","LTRENDIDX","M","2009-02",96.69802,
"USA","CCI","AMPLITUD","LTRENDIDX","M","2009-03",96.8989,
"USA","CCI","AMPLITUD","LTRENDIDX","M","2009-04",97.34467,
"USA","CCI","AMPLITUD","LTRENDIDX","M","2009-05",97.72823,
"USA","CCI","AMPLITUD","LTRENDIDX","M","2009-06",97.88704,
"USA","CCI","AMPLITUD","LTRENDIDX","M","2009-07",97.84206,
"USA","CCI","AMPLITUD","LTRENDIDX","M","2009-08",97.88552,
"USA","CCI","AMPLITUD","LTRENDIDX","M","2009-09",98.06242,
"USA","CCI","AMPLITUD","LTRENDIDX","M","2009-10",98.09191,
"USA","CCI","AMPLITUD","LTRENDIDX","M","2009-11",98.10587,
"USA","CCI","AMPLITUD","LTRENDIDX","M","2009-12",98.27908,
"USA","CCI","AMPLITUD","LTRENDIDX","M","2010-01",98.43963,
"USA","CCI","AMPLITUD","LTRENDIDX","M","2010-02",98.49435,
"USA","CCI","AMPLITUD","LTRENDIDX","M","2010-03",98.49128,
"USA","CCI","AMPLITUD","LTRENDIDX","M","2010-04",98.47099,
"USA","CCI","AMPLITUD","LTRENDIDX","M","2010-05",98.46973,
"USA","CCI","AMPLITUD","LTRENDIDX","M","2010-06",98.37534,
"USA","CCI","AMPLITUD","LTRENDIDX","M","2010-07",98.09282,
"USA","CCI","AMPLITUD","LTRENDIDX","M","2010-08",97.92052,
"USA","CCI","AMPLITUD","LTRENDIDX","M","2010-09",97.87006,
"USA","CCI","AMPLITUD","LTRENDIDX","M","2010-10",97.96783,
"USA","CCI","AMPLITUD","LTRENDIDX","M","2010-11",98.2232,
"USA","CCI","AMPLITUD","LTRENDIDX","M","2010-12",98.47215,
"USA","CCI","AMPLITUD","LTRENDIDX","M","2011-01",98.57961,
"USA","CCI","AMPLITUD","LTRENDIDX","M","2011-02",98.53093,
"USA","CCI","AMPLITUD","LTRENDIDX","M","2011-03",98.28918,
"USA","CCI","AMPLITUD","LTRENDIDX","M","2011-04",98.23121,
"USA","CCI","AMPLITUD","LTRENDIDX","M","2011-05",98.21563,
"USA","CCI","AMPLITUD","LTRENDIDX","M","2011-06",97.91071,
"USA","CCI","AMPLITUD","LTRENDIDX","M","2011-07",97.33817,
"USA","CCI","AMPLITUD","LTRENDIDX","M","2011-08",96.84948,
"USA","CCI","AMPLITUD","LTRENDIDX","M","2011-09",96.78281,
"USA","CCI","AMPLITUD","LTRENDIDX","M","2011-10",97.01272,
"USA","CCI","AMPLITUD","LTRENDIDX","M","2011-11",97.4511,
"USA","CCI","AMPLITUD","LTRENDIDX","M","2011-12",97.99335,
"USA","CCI","AMPLITUD","LTRENDIDX","M","2012-01",98.45564,
"USA","CCI","AMPLITUD","LTRENDIDX","M","2012-02",98.71336,
"USA","CCI","AMPLITUD","LTRENDIDX","M","2012-03",98.83756,
"USA","CCI","AMPLITUD","LTRENDIDX","M","2012-04",98.87237,
"USA","CCI","AMPLITUD","LTRENDIDX","M","2012-05",98.81646,
"USA","CCI","AMPLITUD","LTRENDIDX","M","2012-06",98.61173,
"USA","CCI","AMPLITUD","LTRENDIDX","M","2012-07",98.5396,
"USA","CCI","AMPLITUD","LTRENDIDX","M","2012-08",98.70969,
"USA","CCI","AMPLITUD","LTRENDIDX","M","2012-09",99.02642,
"USA","CCI","AMPLITUD","LTRENDIDX","M","2012-10",99.25356,
"USA","CCI","AMPLITUD","LTRENDIDX","M","2012-11",99.16705,
"USA","CCI","AMPLITUD","LTRENDIDX","M","2012-12",98.83263,
"USA","CCI","AMPLITUD","LTRENDIDX","M","2013-01",98.70406,
"USA","CCI","AMPLITUD","LTRENDIDX","M","2013-02",98.80719,
"USA","CCI","AMPLITUD","LTRENDIDX","M","2013-03",98.97424,
"USA","CCI","AMPLITUD","LTRENDIDX","M","2013-04",99.18669,
"USA","CCI","AMPLITUD","LTRENDIDX","M","2013-05",99.52554,
"USA","CCI","AMPLITUD","LTRENDIDX","M","2013-06",99.70074,
"USA","CCI","AMPLITUD","LTRENDIDX","M","2013-07",99.66298,
"USA","CCI","AMPLITUD","LTRENDIDX","M","2013-08",99.38166,
"USA","CCI","AMPLITUD","LTRENDIDX","M","2013-09",98.99993,
"USA","CCI","AMPLITUD","LTRENDIDX","M","2013-10",98.76394,
"USA","CCI","AMPLITUD","LTRENDIDX","M","2013-11",98.86459,
"USA","CCI","AMPLITUD","LTRENDIDX","M","2013-12",99.16884,
"USA","CCI","AMPLITUD","LTRENDIDX","M","2014-01",99.34203,
"USA","CCI","AMPLITUD","LTRENDIDX","M","2014-02",99.41225,
"USA","CCI","AMPLITUD","LTRENDIDX","M","2014-03",99.44456,
"USA","CCI","AMPLITUD","LTRENDIDX","M","2014-04",99.51773,
"USA","CCI","AMPLITUD","LTRENDIDX","M","2014-05",99.50408,
"USA","CCI","AMPLITUD","LTRENDIDX","M","2014-06",99.47762,
"USA","CCI","AMPLITUD","LTRENDIDX","M","2014-07",99.46941,
"USA","CCI","AMPLITUD","LTRENDIDX","M","2014-08",99.56451,
"USA","CCI","AMPLITUD","LTRENDIDX","M","2014-09",99.76929,
"USA","CCI","AMPLITUD","LTRENDIDX","M","2014-10",100.0572,
"USA","CCI","AMPLITUD","LTRENDIDX","M","2014-11",100.4104,
"USA","CCI","AMPLITUD","LTRENDIDX","M","2014-12",100.8021,
"USA","CCI","AMPLITUD","LTRENDIDX","M","2015-01",101.0659,
"USA","CCI","AMPLITUD","LTRENDIDX","M","2015-02",101.0682,
"USA","CCI","AMPLITUD","LTRENDIDX","M","2015-03",100.9718,
"USA","CCI","AMPLITUD","LTRENDIDX","M","2015-04",100.9172,
"USA","CCI","AMPLITUD","LTRENDIDX","M","2015-05",100.8369,
"USA","CCI","AMPLITUD","LTRENDIDX","M","2015-06",100.851,
"USA","CCI","AMPLITUD","LTRENDIDX","M","2015-07",100.7365,
"USA","CCI","AMPLITUD","LTRENDIDX","M","2015-08",100.5473,
"USA","CCI","AMPLITUD","LTRENDIDX","M","2015-09",100.3768,
"USA","CCI","AMPLITUD","LTRENDIDX","M","2015-10",100.406,
"USA","CCI","AMPLITUD","LTRENDIDX","M","2015-11",100.5223,
"USA","CCI","AMPLITUD","LTRENDIDX","M","2015-12",100.6192,
"USA","CCI","AMPLITUD","LTRENDIDX","M","2016-01",100.6323,
"USA","CCI","AMPLITUD","LTRENDIDX","M","2016-02",100.595,
"USA","CCI","AMPLITUD","LTRENDIDX","M","2016-03",100.5552,
"USA","CCI","AMPLITUD","LTRENDIDX","M","2016-04",100.5773,
"USA","CCI","AMPLITUD","LTRENDIDX","M","2016-05",100.6995,
"USA","CCI","AMPLITUD","LTRENDIDX","M","2016-06",100.6774,
"USA","CCI","AMPLITUD","LTRENDIDX","M","2016-07",100.531,
"USA","CCI","AMPLITUD","LTRENDIDX","M","2016-08",100.4252,
"USA","CCI","AMPLITUD","LTRENDIDX","M","2016-09",100.4061,
"USA","CCI","AMPLITUD","LTRENDIDX","M","2016-10",100.4828,
"USA","CCI","AMPLITUD","LTRENDIDX","M","2016-11",100.8115,
"USA","CCI","AMPLITUD","LTRENDIDX","M","2016-12",101.1485,
"USA","CCI","AMPLITUD","LTRENDIDX","M","2017-01",101.2965,
"USA","CCI","AMPLITUD","LTRENDIDX","M","2017-02",101.2844,
"USA","CCI","AMPLITUD","LTRENDIDX","M","2017-03",101.254,
"USA","CCI","AMPLITUD","LTRENDIDX","M","2017-04",101.2144,
"USA","CCI","AMPLITUD","LTRENDIDX","M","2017-05",101.1423,
"USA","CCI","AMPLITUD","LTRENDIDX","M","2017-06",101.0336,
"USA","CCI","AMPLITUD","LTRENDIDX","M","2017-07",100.9871,
"USA","CCI","AMPLITUD","LTRENDIDX","M","2017-08",101.0785,
"USA","CCI","AMPLITUD","LTRENDIDX","M","2017-09",101.2075,
"USA","CCI","AMPLITUD","LTRENDIDX","M","2017-10",101.4054,
"USA","CCI","AMPLITUD","LTRENDIDX","M","2017-11",101.5064,
